,Nombre voluntario,Servicios Disponibles,Estrellas,Opinion,Nombre miembro,Foto miembro
0,Feliciana Cantón,['Nuevas Tecnologías'],5,Me ayudó mucho en casa,Morena Pol,opinion6.png
1,Amador Llopis,"['Salud', 'El día a día']",3,Me ayudó en lo que necesitaba,Chelo Rojas,miembroh1.png
2,Jose Ignacio Godoy,"['Nuevas Tecnologías', 'Amigos y Ocio']",1,No me arregló los papeles,Alma Luque,miembrom3.png
3,Emilio Calatayud,"['Salud', 'El día a día']",4,No puedo estar más agradecida,Ascensión Anaya,miembrom3.png
4,Inmaculada Bonet,"['Nuevas Tecnologías', 'Salud', 'Servicios del Municipio']",5,No puedo estar más agradecida,Leire Quiroga,opinion1.png
5,Dominga Roca,"['Nuevas Tecnologías', 'Salud', 'Servicios del Municipio']",3,Estoy contenta,Luisa Cid,opinion2m.png
6,Amílcar Andrés,"['Amigos y Ocio', 'El día a día', 'Burocracia', 'Servicios del Municipio']",4,No hubiera podido está más feliz,Nando Lloret,opinion2m.png
7,Ciro Gil,['El día a día'],1,No me pudo acompañar donde yo quería,Paco Perera,miembrom4.png
8,Joan Vazquez,"['Nuevas Tecnologías', 'Salud', 'Amigos y Ocio', 'El día a día', 'Burocracia', 'Servicios del Municipio']",5,Encantado con toda la ayuda que he recibido,Teodosio Carrera,opinion2m.png
9,Eligia Amor,"['Amigos y Ocio', 'Servicios del Municipio']",4,No puedo estar más agradecida,Cruz España,opinion4.png
10,Chelo Flor,"['Nuevas Tecnologías', 'Salud', 'Amigos y Ocio', 'El día a día']",3,Me lo he pasado bien,Ruperta Casares,miembroh1.png
11,Lilia Rivas,"['Amigos y Ocio', 'Servicios del Municipio']",1,No es muy habladora,Leandra Bilbao,opinion1.png
12,Isidro Sanchez,"['Amigos y Ocio', 'Servicios del Municipio']",4,No hubiera podido está más feliz,Adelia Costa,miembrom4.png
13,Dolores Lobo,['El día a día'],3,Me ayudó en lo que necesitaba,Herberto Duarte,opinion2m.png
14,Nydia Agudo,"['Nuevas Tecnologías', 'Burocracia']",2,"Bueno, podría mejorar",Bernabé Tomas,opinion3m.png
15,Martina Cuervo,"['Nuevas Tecnologías', 'Salud', 'Amigos y Ocio', 'Burocracia']",1,Tuvo muy poca paciencia,Wálter Mayoral,miembrom3.png
16,José Rocamora,"['Salud', 'El día a día', 'Burocracia', 'Servicios del Municipio']",4,"Es un sol, me ayudó a desbloquear el móvil y lo arregló",Calixto Cabezas,miembroh3.png
17,Noé Cortés,['Servicios del Municipio'],3,Estoy contenta,Nico Uribe,opinion4.png
18,Ildefonso Navarro,"['Nuevas Tecnologías', 'Salud', 'Amigos y Ocio', 'Burocracia']",3,Gracias,Fidela Salamanca,miembroh1.png
19,Cristian Bru,"['Nuevas Tecnologías', 'Amigos y Ocio', 'Burocracia']",5,Fue un día estupendo,Álvaro Manzanares,opinion5m.png
20,Ricardo Caballero,"['Nuevas Tecnologías', 'Salud', 'Amigos y Ocio', 'El día a día']",1,No me arregló los papeles,Carmela Arrieta,miembroh3.png
21,Plinio Núñez,['Nuevas Tecnologías'],4,"Es un sol, me ayudó a desbloquear el móvil y lo arregló",Clotilde Colomer,miembrom3.png
22,Elisabet Lamas,['Nuevas Tecnologías'],5,Sin duda seguiré utilizando este servicio,Buenaventura Amat,opinion1.png
23,Noemí Aroca,"['El día a día', 'Burocracia']",5,No puedo estar más agradecida,Manuelita Santiago,miembrom4.png
24,Luna Segovia,"['Nuevas Tecnologías', 'Salud', 'El día a día', 'Burocracia', 'Servicios del Municipio']",1,No me entendía,Concepción Molins,opinion6.png
25,Brunilda Casanovas,"['Nuevas Tecnologías', 'Amigos y Ocio', 'El día a día', 'Burocracia']",3,Me ayudó mucho en casa,Alcides Calzada,opinion1.png
26,Ágata Pinedo,"['Nuevas Tecnologías', 'Salud', 'El día a día', 'Servicios del Municipio']",3,Me ha ayudado en lo que le he pedido,Beatriz Cabañas,opinion3m.png
27,Cayetano Marcos,['Servicios del Municipio'],2,No terminó de ayudarme,Ciriaco Olivera,miembroh3.png
28,Paula Pardo,"['Salud', 'Amigos y Ocio', 'El día a día', 'Burocracia', 'Servicios del Municipio']",5,Fue un día estupendo,Natividad Calatayud,opinion3m.png
29,Crescencia Fernandez,"['Amigos y Ocio', 'El día a día']",3,Me ha ayudado mucho,Lupe Acevedo,opinion5m.png
30,Julie Baños,"['Nuevas Tecnologías', 'Amigos y Ocio', 'Servicios del Municipio']",3,Ha podido ayudarme en algunas cosas,Emma Nicolás,opinion1.png
31,Artemio Goñi,"['Salud', 'Amigos y Ocio', 'Servicios del Municipio']",1,Al final tuvo que irse antes,Alfredo Sastre,miembrom4.png
32,María Teresa Mancebo,"['Salud', 'Amigos y Ocio', 'El día a día', 'Servicios del Municipio']",1,No sabía lo que le pedía,Maricela Escudero,opinion6.png
33,Cebrián Guerrero,"['Amigos y Ocio', 'El día a día', 'Burocracia', 'Servicios del Municipio']",1,No sabía lo que le pedía,Lupita Ayllón,miembrom3.png
34,Roxana Cabrero,"['Nuevas Tecnologías', 'Salud', 'El día a día', 'Servicios del Municipio']",5,Encantado con toda la ayuda que he recibido,Julieta Rius,opinion1.png
35,Ricardo Santana,"['Nuevas Tecnologías', 'Salud', 'El día a día', 'Servicios del Municipio']",4,Es un encanto y me ayudó a hablar con mis nietos,Benjamín Neira,opinion3m.png
36,Fabiola Patiño,"['El día a día', 'Servicios del Municipio']",3,Gran dia,Martirio Jover,miembrom3.png
37,Fermín Pellicer,"['Amigos y Ocio', 'Burocracia', 'Servicios del Municipio']",5,No puedo estar más agradecida,Mar Valero,opinion3m.png
38,Pedro Gallego,"['Nuevas Tecnologías', 'Salud', 'Amigos y Ocio', 'Servicios del Municipio']",5,No hubiera podido estar más feliz,Cirino Puerta,opinion5m.png
39,Herminia Lasa,['El día a día'],5,Sin duda seguiré utilizando este servicio,Marina Alarcón,miembroh3.png
40,Judith Bellido,"['Salud', 'Servicios del Municipio']",2,"Bueno, podría mejorar",Cristian Losa,opinion3m.png
41,Emelina Donoso,"['Salud', 'El día a día']",5,No hubiera podido estar más feliz,Gil Abad,opinion6.png
42,Bibiana Hierro,"['Nuevas Tecnologías', 'Salud', 'Amigos y Ocio', 'Servicios del Municipio']",3,Me ayudó mucho en casa,Gilberto Galán,opinion6.png
43,Fernando Sevilla,"['Nuevas Tecnologías', 'Amigos y Ocio', 'El día a día', 'Burocracia', 'Servicios del Municipio']",4,No hubiera podido está más feliz,María Gimenez,opinion3m.png
44,Reynaldo Lerma,"['El día a día', 'Burocracia']",3,Me acompañó en lo que necesitaba,Calixto Verdú,opinion5m.png
45,Ángela Gimenez,['Servicios del Municipio'],5,Me ayudó mucho en casa,Benigno Mínguez,miembrom3.png
46,Isidora Morata,"['Nuevas Tecnologías', 'Salud', 'Amigos y Ocio']",5,Encantado con toda la ayuda que he recibido,Mireia Cabrera,opinion2m.png
47,Pía Barba,"['Salud', 'Burocracia', 'Servicios del Municipio']",5,"Gracias, ha sido toda una experiencia",Patricia Maldonado,opinion5m.png
48,Jenaro Antón,"['Nuevas Tecnologías', 'Burocracia', 'Servicios del Municipio']",5,"Gracias, ha sido toda una experiencia",Esperanza Feliu,opinion4.png
49,Noa Moles,"['Salud', 'El día a día', 'Servicios del Municipio']",5,"Es un sol, me ayudó a desbloquear el móvil y lo arregló",Clímaco Muro,opinion4.png
50,Salvador Leal,"['El día a día', 'Burocracia', 'Servicios del Municipio']",5,Sin duda seguiré utilizando este servicio,María Fernanda Araujo,opinion3m.png
51,Blas Galván,"['Nuevas Tecnologías', 'Salud']",4,"Es un sol, me ayudó a desbloquear el móvil y lo arregló",Sarita Valverde,opinion3m.png
52,Xiomara Miranda,"['Salud', 'Amigos y Ocio']",5,Sin duda seguiré utilizando este servicio,Dulce Girón,miembroh1.png
53,Ibán Valera,"['Nuevas Tecnologías', 'Salud', 'Amigos y Ocio', 'Servicios del Municipio']",2,Es amable aunque no divertida,Maribel Matas,opinion2m.png
54,Ruy Segarra,"['Nuevas Tecnologías', 'Salud', 'Amigos y Ocio', 'El día a día', 'Servicios del Municipio']",3,Ha estado muy bien,Celestina Barros,miembrom4.png
55,Eric Landa,['Amigos y Ocio'],4,No puedo estar más agradecida,Nereida Sola,opinion2m.png
56,Emilio Huerta,"['Nuevas Tecnologías', 'Amigos y Ocio']",3,Bien,África Peñas,opinion1.png
57,Marcela Jódar,"['Salud', 'Amigos y Ocio', 'El día a día', 'Servicios del Municipio']",2,No sabía lo que le pedía,David Mur,opinion1.png
58,Margarita Romero,"['Nuevas Tecnologías', 'Amigos y Ocio', 'El día a día', 'Burocracia']",3,Me ha resuelto muchas dudas,Graciela Leal,miembroh3.png
59,Tomasa Pujol,"['Nuevas Tecnologías', 'El día a día']",3,Ha podido ayudarme en algunas cosas,Celestina Dalmau,miembrom3.png
60,Porfirio Chacón,"['Amigos y Ocio', 'El día a día']",4,No puedo estar más agradecida,Nydia Saura,opinion4.png
61,Araceli Uriarte,"['Amigos y Ocio', 'El día a día']",1,No sabía lo que le pedía,Asdrubal Diéguez,miembroh1.png
62,Ciriaco Arévalo,"['Salud', 'Amigos y Ocio', 'El día a día', 'Servicios del Municipio']",2,Ha llegado tarde,Ciríaco Alegria,miembroh1.png
63,Rosalinda Canals,"['Nuevas Tecnologías', 'Amigos y Ocio', 'El día a día', 'Burocracia', 'Servicios del Municipio']",5,Sin duda seguiré utilizando este servicio,Quirino Mas,opinion3m.png
64,Ezequiel Cuesta,"['Nuevas Tecnologías', 'Amigos y Ocio', 'El día a día']",2,Es amable aunque no divertida,Belén Tur,opinion6.png
65,Mónica Bartolomé,"['Nuevas Tecnologías', 'Burocracia']",5,Encantado con toda la ayuda que he recibido,Javiera Fabregat,miembroh3.png
66,Rogelio Pizarro,"['Nuevas Tecnologías', 'Salud', 'Amigos y Ocio', 'El día a día', 'Servicios del Municipio']",2,No ha podido ayudarme en lo que necesitaba,Eva María Barrena,miembrom3.png
67,Débora Solé,"['Nuevas Tecnologías', 'Amigos y Ocio', 'Burocracia', 'Servicios del Municipio']",1,No me ayudó nada,Poncio Gargallo,opinion3m.png
68,Benigna Iglesias,"['Amigos y Ocio', 'El día a día']",5,Sin duda seguiré utilizando este servicio,Vinicio Canales,opinion3m.png
69,Carolina Alberdi,"['Nuevas Tecnologías', 'Amigos y Ocio', 'El día a día', 'Burocracia', 'Servicios del Municipio']",2,No sabía lo que le pedía,Darío Seguí,opinion3m.png
70,Irma Carbó,"['Nuevas Tecnologías', 'Salud', 'Amigos y Ocio', 'El día a día']",4,"Es un sol, me ayudó a desbloquear el móvil y lo arregló",Eugenia Arce,opinion5m.png
71,Isabel Nieto,"['Nuevas Tecnologías', 'Salud', 'Burocracia', 'Servicios del Municipio']",4,"Es un sol, me ayudó a desbloquear el móvil y lo arregló",Amaya Criado,opinion4.png
72,Dani Marin,"['Nuevas Tecnologías', 'Salud', 'Amigos y Ocio', 'El día a día', 'Servicios del Municipio']",5,"Gracias, ha sido toda una experiencia",Milagros Román,opinion2m.png
73,Trinidad Cruz,"['El día a día', 'Burocracia']",5,"Gracias, ha sido toda una experiencia",Óscar Rodríguez,opinion5m.png
74,Wilfredo Acero,"['Salud', 'Burocracia']",2,No ha podido ayudarme en lo que necesitaba,Amalia Valcárcel,opinion1.png
75,Lorenza Lago,"['Nuevas Tecnologías', 'Salud', 'Amigos y Ocio', 'Burocracia', 'Servicios del Municipio']",5,"Es un sol, me ayudó a desbloquear el móvil y lo arregló",Blas Peláez,miembroh3.png
76,Angelita Escalona,"['Salud', 'Burocracia']",5,"Es un sol, me ayudó a desbloquear el móvil y lo arregló",Rolando Falcó,opinion5m.png
77,Anunciación Camino,"['Amigos y Ocio', 'Burocracia']",3,Me ha ayudado mucho,Violeta Calderón,opinion5m.png
78,Sabina Martín,"['Nuevas Tecnologías', 'Salud', 'Servicios del Municipio']",4,No hubiera podido está más feliz,Calixta Gallo,opinion5m.png
79,Prudencia Vera,"['Salud', 'Burocracia', 'Servicios del Municipio']",4,"Es un sol, me ayudó a desbloquear el móvil y lo arregló",Calixto Viña,miembroh1.png
80,Emelina Coronado,"['Salud', 'Servicios del Municipio']",4,Fue un día estupendo,Amor Murcia,opinion5m.png
81,Raúl Cuéllar,['Burocracia'],3,Gran dia,Reina Farré,miembroh1.png
82,Calista Abascal,"['Nuevas Tecnologías', 'Servicios del Municipio']",1,No me entendía,Asdrubal Villar,opinion1.png
83,Elena Morante,"['Amigos y Ocio', 'Burocracia', 'Servicios del Municipio']",5,Qué bien que pudo ayudarme con mis papeles,Olivia Ariza,opinion6.png
84,Amaya Aliaga,"['Nuevas Tecnologías', 'Burocracia', 'Servicios del Municipio']",1,No sabía lo que le pedía,Juan Antonio Pavón,miembrom3.png
85,Dani Parejo,"['El día a día', 'Servicios del Municipio']",2,No terminó de ayudarme,Cebrián Arco,opinion6.png
86,Selena Meléndez,"['Nuevas Tecnologías', 'El día a día', 'Burocracia', 'Servicios del Municipio']",2,"Bueno, podría mejorar",Maxi Tirado,opinion6.png
87,Jose Barco,"['Burocracia', 'Servicios del Municipio']",2,Ha llegado tarde,Virginia Alcántara,miembrom4.png
88,Jose Angel Bermúdez,"['Nuevas Tecnologías', 'Amigos y Ocio', 'El día a día', 'Burocracia', 'Servicios del Municipio']",1,No me pudo acompañar donde yo quería,Clotilde Torrecilla,opinion2m.png
89,Che Torre,"['Nuevas Tecnologías', 'Salud', 'El día a día']",3,Un día agradable,Leopoldo Bárcena,opinion6.png
90,Olalla Bayón,"['Nuevas Tecnologías', 'El día a día']",4,Fue un día estupendo,Gloria Sales,opinion3m.png
91,Martirio Casas,"['Salud', 'Servicios del Municipio']",1,No me entendía,Alejo Pineda,opinion4.png
92,Eduardo Talavera,"['Nuevas Tecnologías', 'Amigos y Ocio', 'Burocracia', 'Servicios del Municipio']",2,Puede mejorar,Haroldo Bartolomé,miembroh1.png
93,Carmela Dalmau,"['Salud', 'Amigos y Ocio', 'Servicios del Municipio']",4,No hubiera podido está más feliz,Fanny Luján,opinion3m.png
94,Juan Manuel Álamo,"['Nuevas Tecnologías', 'Salud', 'Amigos y Ocio', 'El día a día']",2,Puede mejorar,Purificación Contreras,opinion2m.png
95,Salud Rocha,"['Nuevas Tecnologías', 'Salud', 'Amigos y Ocio', 'El día a día']",2,Está normal,Edelmira Sanabria,miembrom4.png
96,Héctor Font,"['Nuevas Tecnologías', 'Salud', 'El día a día', 'Servicios del Municipio']",5,"Gracias, ha sido toda una experiencia",Odalis Higueras,opinion6.png
97,Leyre Mesa,"['Nuevas Tecnologías', 'Salud']",5,Encantado con toda la ayuda que he recibido,Abilio Moles,miembrom4.png
98,Sabas Perea,"['Amigos y Ocio', 'El día a día', 'Burocracia', 'Servicios del Municipio']",2,"Bueno, podría mejorar",Palmira Esteban,miembrom3.png
99,Urbano Villar,"['Salud', 'El día a día', 'Servicios del Municipio']",4,Es un encanto y me ayudó a hablar con mis nietos,Jacinta Martin,miembrom4.png
100,Vito Carrillo,"['Amigos y Ocio', 'Burocracia']",5,"Es un sol, me ayudó a desbloquear el móvil y lo arregló",Marisol Guitart,opinion3m.png
101,Jose Miguel Gomila,"['Salud', 'El día a día']",4,No puedo estar más agradecida,Dolores Arenas,miembrom3.png
102,Bernardo Neira,"['Nuevas Tecnologías', 'Amigos y Ocio', 'El día a día', 'Burocracia', 'Servicios del Municipio']",2,"Bueno, podría mejorar",Julio Miranda,miembrom4.png
103,Alfonso Grau,"['Nuevas Tecnologías', 'El día a día', 'Burocracia', 'Servicios del Municipio']",2,El servicio no estuvo mal,Noelia Escolano,miembroh1.png
104,Dionisia Giménez,"['Nuevas Tecnologías', 'Amigos y Ocio', 'El día a día', 'Burocracia', 'Servicios del Municipio']",1,Llegó tarde,Macario Jáuregui,miembrom4.png
105,Adrián Belda,"['Nuevas Tecnologías', 'Amigos y Ocio', 'El día a día', 'Burocracia', 'Servicios del Municipio']",4,No hubiera podido está más feliz,Amanda Pérez,miembrom4.png
106,Laura Barral,"['Amigos y Ocio', 'El día a día', 'Servicios del Municipio']",5,Qué bien que pudo ayudarme con mis papeles,Felisa Pastor,opinion1.png
107,Jenaro Bauzà,"['Amigos y Ocio', 'El día a día', 'Servicios del Municipio']",3,Un día agradable,Eligio Vergara,opinion3m.png
108,Vicenta Angulo,"['Amigos y Ocio', 'El día a día', 'Servicios del Municipio']",4,Es un encanto y me ayudó a hablar con mis nietos,Cecilio Hurtado,miembrom3.png
109,Rosalina Murillo,"['El día a día', 'Servicios del Municipio']",5,Fue un día estupendo,Lorenza Rodriguez,opinion6.png
110,Calisto Vilaplana,"['Nuevas Tecnologías', 'Amigos y Ocio']",5,Encantado con toda la ayuda que he recibido,Amarilis Cabrero,opinion4.png
111,Jordán Lopez,"['El día a día', 'Servicios del Municipio']",5,Encantado con toda la ayuda que he recibido,Agustín Elías,miembroh3.png
112,Haydée Torralba,"['Amigos y Ocio', 'Burocracia', 'Servicios del Municipio']",2,Puede mejorar,Evangelina Cifuentes,opinion1.png
113,Iker Catalán,"['Nuevas Tecnologías', 'Salud', 'El día a día']",4,"Es un sol, me ayudó a desbloquear el móvil y lo arregló",Candela Elorza,opinion4.png
114,Loreto Suárez,"['Nuevas Tecnologías', 'Salud', 'Amigos y Ocio', 'Servicios del Municipio']",5,No hubiera podido estar más feliz,Rosalinda Guzmán,miembroh3.png
115,Jose Carlos Ramírez,"['Nuevas Tecnologías', 'Amigos y Ocio', 'Servicios del Municipio']",2,No sabía lo que le pedía,Cristóbal Villalobos,opinion6.png
116,Goyo Busquets,"['Amigos y Ocio', 'El día a día', 'Burocracia']",3,Bien,Albina Lumbreras,opinion1.png
117,Cleto Rosa,"['Nuevas Tecnologías', 'El día a día', 'Burocracia']",5,"Es un sol, me ayudó a desbloquear el móvil y lo arregló",Ignacia Valentín,opinion4.png
118,Paulino Roda,"['Nuevas Tecnologías', 'Amigos y Ocio', 'El día a día']",2,Ha llegado tarde,Edu Piquer,opinion5m.png
119,Segismundo Solera,"['Burocracia', 'Servicios del Municipio']",1,Llegó tarde,Ruy Zorrilla,miembroh1.png
120,Rosario Balaguer,['El día a día'],1,No me entendía,Claudio Amador,miembrom3.png
121,Ignacia Cabello,"['Nuevas Tecnologías', 'Amigos y Ocio', 'Servicios del Municipio']",1,El día podría haber estado mejor,Hipólito Martín,opinion4.png
122,Benjamín Quevedo,"['Nuevas Tecnologías', 'Salud', 'Amigos y Ocio', 'El día a día']",2,Puede mejorar,Sergio Bellido,opinion5m.png
123,Luisa Nicolau,"['Salud', 'Amigos y Ocio', 'El día a día', 'Burocracia', 'Servicios del Municipio']",1,No me pudo acompañar donde yo quería,Porfirio Piñol,opinion5m.png
124,Nereida Canales,['El día a día'],1,Al final tuvo que irse antes,Nilda Falcón,opinion4.png
125,Jose Ramón Feliu,"['Salud', 'Servicios del Municipio']",5,"Gracias, ha sido toda una experiencia",Pili Mata,miembrom4.png
126,Goyo Sanabria,"['Amigos y Ocio', 'Burocracia']",3,Ha estado bien,Francisco Robles,opinion3m.png
127,Enrique Español,"['Nuevas Tecnologías', 'Salud', 'El día a día', 'Burocracia', 'Servicios del Municipio']",4,No hubiera podido está más feliz,Wilfredo Casals,opinion1.png
128,León Sevillano,"['Nuevas Tecnologías', 'El día a día', 'Burocracia']",3,Ha estado muy bien,Vinicio Toro,opinion3m.png
129,Josep Benet,"['Burocracia', 'Servicios del Municipio']",4,No puedo estar más agradecida,Sandalio Ribera,miembrom3.png
130,Venceslás Cabañas,"['Nuevas Tecnologías', 'Salud']",5,Es un encanto y me ayudó a hablar con mis nietos,Flavio Bas,opinion3m.png
131,Aureliano Alcolea,"['Salud', 'El día a día']",3,Me ha ayudado en lo que le he pedido,Susana Oliva,opinion1.png
132,Ciro Guzmán,['Servicios del Municipio'],5,Fue un día estupendo,Perlita Fuentes,opinion4.png
133,Flavio Ramos,"['Nuevas Tecnologías', 'Salud']",2,Está normal,Mar Rivero,miembrom4.png
134,Amalia Teruel,"['Nuevas Tecnologías', 'El día a día', 'Burocracia', 'Servicios del Municipio']",4,"Es un sol, me ayudó a desbloquear el móvil y lo arregló",Amalia Valdés,opinion2m.png
135,Ignacio Quero,"['El día a día', 'Burocracia', 'Servicios del Municipio']",2,Ha llegado tarde,Flor Castilla,opinion5m.png
136,Vanesa Cózar,['El día a día'],4,Fue un día estupendo,Cándida Aznar,opinion3m.png
137,Reynaldo Abril,"['Nuevas Tecnologías', 'Amigos y Ocio', 'El día a día', 'Burocracia', 'Servicios del Municipio']",3,Ha estado muy bien,Calixta Julián,opinion4.png
138,Rosario Lara,['Servicios del Municipio'],3,Me ha ayudado en lo que le he pedido,Ascensión Aguado,opinion5m.png
139,Ángeles Sanz,"['Nuevas Tecnologías', 'Salud', 'El día a día', 'Servicios del Municipio']",3,Es muy amable,Gloria Vara,opinion6.png
140,Lucho Torrecilla,['Amigos y Ocio'],5,Me ayudó mucho en casa,Aroa Álamo,miembrom4.png
141,Fabián Falcó,['Burocracia'],3,Es muy amable,Gracia Bermúdez,opinion2m.png
142,Manu Gelabert,['Servicios del Municipio'],4,No hubiera podido está más feliz,Edu Luna,opinion1.png
143,Bautista Barrera,"['Nuevas Tecnologías', 'Salud', 'Amigos y Ocio', 'El día a día', 'Burocracia']",5,Sin duda seguiré utilizando este servicio,Vicente Sabater,miembroh3.png
144,Mariana Mir,"['El día a día', 'Burocracia']",3,Me acompañó en lo que necesitaba,Sonia Montaña,miembroh3.png
145,Baudelio Ayllón,"['Nuevas Tecnologías', 'Salud', 'Burocracia', 'Servicios del Municipio']",4,No puedo estar más agradecida,Isidro Ledesma,opinion2m.png
146,Daniela Tapia,['Nuevas Tecnologías'],5,"Gracias, ha sido toda una experiencia",Daniela Mateos,opinion1.png
147,Ani Criado,"['Nuevas Tecnologías', 'Amigos y Ocio', 'Servicios del Municipio']",5,"Es un sol, me ayudó a desbloquear el móvil y lo arregló",Juan Antonio Coloma,miembroh3.png
148,Baudelio Verdejo,"['Salud', 'El día a día', 'Burocracia', 'Servicios del Municipio']",4,"Es un sol, me ayudó a desbloquear el móvil y lo arregló",Marianela Borrás,miembroh1.png
149,Cecilio Estevez,"['Amigos y Ocio', 'Burocracia']",4,Es un encanto y me ayudó a hablar con mis nietos,Jordi Pi,opinion4.png
150,Bruno Bayo,"['Nuevas Tecnologías', 'Salud', 'El día a día', 'Burocracia', 'Servicios del Municipio']",3,Ha estado bien,Débora Clavero,opinion4.png
151,Imelda Gutierrez,"['Nuevas Tecnologías', 'Salud', 'Amigos y Ocio', 'El día a día', 'Servicios del Municipio']",2,Está normal,Darío Cañas,miembroh3.png
152,Sancho Carretero,"['Nuevas Tecnologías', 'Burocracia', 'Servicios del Municipio']",5,Es un encanto y me ayudó a hablar con mis nietos,Catalina Sobrino,miembrom3.png
153,Tania Hoz,['Nuevas Tecnologías'],5,No hubiera podido estar más feliz,Galo Manzano,opinion3m.png
154,Cristina Ariño,"['Salud', 'Amigos y Ocio', 'El día a día', 'Burocracia', 'Servicios del Municipio']",5,"Gracias, ha sido toda una experiencia",Dani Linares,opinion2m.png
155,Estefanía Bilbao,"['Amigos y Ocio', 'Servicios del Municipio']",4,No hubiera podido está más feliz,Lucas Azcona,miembroh1.png
156,Simón Yáñez,['El día a día'],2,Es amable aunque no divertida,Gaspar Zurita,opinion2m.png
157,Maximiano Julián,['El día a día'],1,No es muy habladora,Juanita Benet,miembroh1.png
158,Hernando Miralles,"['Nuevas Tecnologías', 'Amigos y Ocio', 'El día a día', 'Burocracia', 'Servicios del Municipio']",4,Es un encanto y me ayudó a hablar con mis nietos,Tatiana Giménez,opinion2m.png
159,Jorge Priego,"['Salud', 'El día a día']",1,No pudo ayudarme,Cecilia Reguera,opinion2m.png
160,Eleuterio Marín,"['Amigos y Ocio', 'El día a día', 'Burocracia']",1,No me entendía,Begoña Padilla,opinion2m.png
161,Zacarías Molina,"['Salud', 'Amigos y Ocio']",1,No me ayudó nada,Chuy Gárate,miembroh1.png
162,Úrsula Belmonte,"['Amigos y Ocio', 'El día a día', 'Burocracia']",5,Sin duda seguiré utilizando este servicio,Chita Segarra,miembrom4.png
163,Agapito Sedano,"['Salud', 'Burocracia']",4,No puedo estar más agradecida,Anita Valbuena,miembroh3.png
164,Ester Cabo,"['Nuevas Tecnologías', 'El día a día']",2,El servicio no estuvo mal,César Doménech,miembroh1.png
165,Candelario Garcés,['Amigos y Ocio'],3,Me lo he pasado bien,Nayara Acuña,miembroh1.png
166,Antonia Cazorla,"['Nuevas Tecnologías', 'Amigos y Ocio', 'Servicios del Municipio']",3,Me ha ayudado mucho,Josué Hervás,opinion2m.png
167,Paco Bayona,"['Nuevas Tecnologías', 'El día a día', 'Burocracia']",1,Llegó tarde,Felisa Iborra,miembroh3.png
168,Serafina Hidalgo,['Servicios del Municipio'],5,Fue un día estupendo,Alex Ferrando,opinion2m.png
169,Rafael López,"['Nuevas Tecnologías', 'El día a día']",5,Fue un día estupendo,Eva Morán,opinion4.png
170,Fausto Ríos,"['Nuevas Tecnologías', 'Salud', 'El día a día', 'Servicios del Municipio']",3,Me ha resuelto muchas dudas,Edelmiro Baeza,miembroh1.png
171,Perla Mate,"['Nuevas Tecnologías', 'El día a día']",5,Me ayudó mucho en casa,Marcela Lledó,miembrom4.png
172,Emma Ángel,"['El día a día', 'Servicios del Municipio']",4,Fue un día estupendo,Gerónimo Somoza,opinion4.png
173,Adán Marí,"['Amigos y Ocio', 'Burocracia']",2,No ha ido mal,Cándida Menéndez,miembroh3.png
174,Gracia Calleja,"['Nuevas Tecnologías', 'Amigos y Ocio', 'Burocracia', 'Servicios del Municipio']",5,No puedo estar más agradecida,Gil Fuster,opinion3m.png
175,Selena Cañizares,"['Salud', 'Burocracia']",2,El servicio no estuvo mal,Carmelo Domínguez,opinion1.png
176,Juan Luis Carlos,"['Nuevas Tecnologías', 'Burocracia', 'Servicios del Municipio']",5,Fue un día estupendo,Jose Luis Daza,miembroh3.png
177,Tania Campo,"['Nuevas Tecnologías', 'Salud', 'Amigos y Ocio', 'El día a día']",3,Gracias,Andrés Báez,miembroh3.png
178,Manuelita Lladó,"['Amigos y Ocio', 'El día a día']",1,Tuvo muy poca paciencia,Ignacio Sánchez,opinion3m.png
179,Lope Galvez,"['Amigos y Ocio', 'El día a día', 'Servicios del Municipio']",4,"Es un sol, me ayudó a desbloquear el móvil y lo arregló",Socorro Recio,miembrom3.png
180,Liliana Novoa,"['Nuevas Tecnologías', 'Amigos y Ocio', 'Burocracia', 'Servicios del Municipio']",5,Encantado con toda la ayuda que he recibido,Raquel Ballesteros,miembrom3.png
181,Herminio Laguna,['Salud'],1,No me arregló los papeles,Macario Expósito,opinion6.png
182,Anselma Torres,"['Nuevas Tecnologías', 'Salud', 'Amigos y Ocio', 'El día a día', 'Burocracia']",1,El día podría haber estado mejor,Dulce Gonzalo,miembrom3.png
183,José Azcona,"['Amigos y Ocio', 'Burocracia', 'Servicios del Municipio']",2,No sabía lo que le pedía,Aurelio Tena,opinion3m.png
184,Cirino Lloret,"['Salud', 'Amigos y Ocio']",4,Fue un día estupendo,Arturo Ríos,miembroh1.png
185,Arsenio Acevedo,"['Nuevas Tecnologías', 'Salud', 'Amigos y Ocio', 'Servicios del Municipio']",1,Al final tuvo que irse antes,Ainoa Garmendia,miembroh3.png
186,Nazario Castrillo,"['Nuevas Tecnologías', 'Salud', 'Amigos y Ocio']",3,Estoy contenta,Adriana Cáceres,opinion2m.png
187,Febe Juárez,"['Nuevas Tecnologías', 'Salud']",5,Qué bien que pudo ayudarme con mis papeles,Carmelita Flores,miembrom4.png
188,Felix Sala,"['Nuevas Tecnologías', 'Amigos y Ocio', 'El día a día', 'Burocracia']",5,"Es un sol, me ayudó a desbloquear el móvil y lo arregló",Melisa Melero,opinion2m.png
189,Carmen Roma,"['El día a día', 'Servicios del Municipio']",2,No sabía lo que le pedía,Eusebio Salazar,opinion2m.png
190,Chelo Agustí,"['Nuevas Tecnologías', 'El día a día', 'Burocracia']",2,No ha ido mal,Salomón González,miembroh1.png
191,Dani Company,"['Nuevas Tecnologías', 'Salud', 'Servicios del Municipio']",4,No hubiera podido está más feliz,Viviana Requena,opinion3m.png
192,Caridad Araujo,"['Salud', 'El día a día', 'Servicios del Municipio']",2,No sabía lo que le pedía,Genoveva Pomares,opinion4.png
193,Perlita Peiró,"['Salud', 'El día a día', 'Burocracia', 'Servicios del Municipio']",3,Me acompañó en lo que necesitaba,Cipriano Vallejo,opinion5m.png
194,Dafne Colomer,"['Salud', 'Amigos y Ocio']",4,Es un encanto y me ayudó a hablar con mis nietos,Socorro Morera,miembroh1.png
195,Tito Castell,"['Salud', 'Burocracia']",4,No hubiera podido está más feliz,Jaime Villa,opinion4.png
196,Ariel Mendez,"['Nuevas Tecnologías', 'Amigos y Ocio', 'El día a día', 'Burocracia', 'Servicios del Municipio']",1,No habla mucho,Héctor Arellano,miembrom3.png
197,Pánfilo Pallarès,"['Nuevas Tecnologías', 'Amigos y Ocio', 'Burocracia']",3,Me ha ayudado mucho,Arsenio Rubio,opinion2m.png
198,Humberto Iborra,"['Amigos y Ocio', 'Burocracia', 'Servicios del Municipio']",2,No sabía lo que le pedía,Noa Baños,opinion6.png
199,Griselda Calderon,"['Nuevas Tecnologías', 'Amigos y Ocio', 'Burocracia']",5,Es un encanto y me ayudó a hablar con mis nietos,Magdalena Lerma,opinion2m.png
200,Paulino Cortes,"['Nuevas Tecnologías', 'Salud', 'El día a día']",3,Es muy amable,Leonardo Baena,opinion5m.png
201,Ángela Cámara,"['Nuevas Tecnologías', 'Salud', 'Amigos y Ocio', 'El día a día']",4,Fue un día estupendo,Luis Ángel Gabaldón,opinion2m.png
202,Nereida Elorza,"['Amigos y Ocio', 'Burocracia']",1,No me pudo acompañar donde yo quería,David Ramirez,opinion5m.png
203,Socorro Revilla,"['Nuevas Tecnologías', 'Amigos y Ocio', 'Burocracia', 'Servicios del Municipio']",1,No me ayudó nada,Alma Alvarez,opinion1.png
204,Amador Escobar,"['El día a día', 'Burocracia']",5,No hubiera podido estar más feliz,Aurora Jaume,opinion5m.png
205,Maite Márquez,"['Salud', 'Amigos y Ocio', 'El día a día', 'Burocracia']",4,Es un encanto y me ayudó a hablar con mis nietos,Néstor Rivera,opinion6.png
206,Micaela Requena,"['Nuevas Tecnologías', 'Salud', 'Amigos y Ocio', 'El día a día', 'Burocracia', 'Servicios del Municipio']",2,No sabía lo que le pedía,María Manuela Roselló,opinion3m.png
207,Nidia Hurtado,"['Salud', 'Servicios del Municipio']",2,No ha podido ayudarme en lo que necesitaba,Eloy Mariscal,opinion4.png
208,Juanito Campoy,"['Salud', 'El día a día', 'Servicios del Municipio']",4,No puedo estar más agradecida,Leire Llanos,opinion4.png
209,Roberto Arias,"['Nuevas Tecnologías', 'Salud', 'Amigos y Ocio', 'El día a día', 'Servicios del Municipio']",4,No hubiera podido está más feliz,Charo Martorell,miembroh1.png
210,Rosa María Sosa,"['Salud', 'Servicios del Municipio']",5,No hubiera podido estar más feliz,Rico Vila,miembrom4.png
211,Iván Flores,"['Nuevas Tecnologías', 'Servicios del Municipio']",5,Qué bien que pudo ayudarme con mis papeles,Reyes Sacristán,opinion2m.png
212,Olga Seguí,"['Nuevas Tecnologías', 'Salud', 'Servicios del Municipio']",3,Gracias,Poncio Serrano,miembrom3.png
213,Pancho Mayoral,"['Nuevas Tecnologías', 'Salud', 'Burocracia', 'Servicios del Municipio']",3,Es muy amable,Marcelo Cisneros,opinion6.png
214,Otilia Gisbert,"['Nuevas Tecnologías', 'Amigos y Ocio', 'El día a día', 'Burocracia']",4,"Es un sol, me ayudó a desbloquear el móvil y lo arregló",Valentín Carlos,opinion1.png
215,Amado Ferrando,"['Amigos y Ocio', 'El día a día']",3,Un día agradable,Ernesto Piñeiro,opinion5m.png
216,Sabas Moya,"['Salud', 'Amigos y Ocio', 'El día a día', 'Servicios del Municipio']",1,El día podría haber estado mejor,Luis Ángel Castejón,opinion1.png
217,León Lorenzo,"['Nuevas Tecnologías', 'Salud', 'Amigos y Ocio', 'Servicios del Municipio']",2,No terminó de ayudarme,José Catalán,opinion6.png
218,Pascual Vergara,"['Salud', 'El día a día']",4,Fue un día estupendo,Clarisa Chamorro,opinion6.png
219,Salomón Muñoz,"['Nuevas Tecnologías', 'El día a día', 'Burocracia', 'Servicios del Municipio']",2,Es amable aunque no divertida,Juanita Mena,opinion6.png
220,Amaro Arenas,"['Nuevas Tecnologías', 'El día a día', 'Burocracia', 'Servicios del Municipio']",2,No ha podido ayudarme en lo que necesitaba,Mamen Cardona,opinion4.png
221,César Rovira,"['El día a día', 'Burocracia', 'Servicios del Municipio']",4,No puedo estar más agradecida,Tomás Figueras,miembrom3.png
222,Onofre Rubio,['Burocracia'],2,No ha ido mal,Maite Rozas,opinion4.png
223,Eloísa Vidal,"['El día a día', 'Burocracia', 'Servicios del Municipio']",2,Es amable aunque no divertida,Jordi Aranda,opinion4.png
224,David Plaza,"['Nuevas Tecnologías', 'El día a día', 'Burocracia', 'Servicios del Municipio']",2,Ha llegado tarde,Goyo Jimenez,miembroh1.png
225,Trinidad Falcón,['El día a día'],1,No habla mucho,Áurea Caro,opinion6.png
226,José Manuel Arregui,"['Salud', 'El día a día']",5,Fue un día estupendo,Cándido Moliner,miembrom4.png
227,Leandra Abellán,"['Nuevas Tecnologías', 'Salud', 'El día a día']",1,No habla mucho,Cristina Vallés,opinion3m.png
228,Aurora Figueras,"['Salud', 'Servicios del Municipio']",2,No terminó de ayudarme,Teófila Botella,opinion2m.png
229,Prudencio Rosado,"['El día a día', 'Burocracia', 'Servicios del Municipio']",1,No me arregló los papeles,Cloe Lamas,opinion3m.png
230,Buenaventura Mas,"['Nuevas Tecnologías', 'Salud', 'Amigos y Ocio']",4,Fue un día estupendo,Leonel Bueno,miembroh3.png
231,Anunciación Mendoza,"['Nuevas Tecnologías', 'El día a día']",1,No pudo ayudarme,Leocadio Bauzà,opinion6.png
232,Griselda Real,"['El día a día', 'Servicios del Municipio']",5,Fue un día estupendo,Rebeca Hernández,miembroh3.png
233,Nacho Marqués,"['Nuevas Tecnologías', 'El día a día', 'Burocracia', 'Servicios del Municipio']",3,Me ayudó en lo que necesitaba,Américo Moya,miembrom4.png
234,Casandra Castejón,"['Salud', 'Amigos y Ocio']",1,Al final tuvo que irse antes,Jaime Barral,opinion1.png
235,Gregorio Rivero,"['Amigos y Ocio', 'El día a día']",5,Fue un día estupendo,Benigno Folch,opinion4.png
236,Graciana Pinilla,"['Nuevas Tecnologías', 'Amigos y Ocio', 'El día a día']",2,No terminó de ayudarme,Marciano Teruel,miembroh3.png
237,Inés Dávila,"['Amigos y Ocio', 'El día a día', 'Burocracia']",5,Es un encanto y me ayudó a hablar con mis nietos,Mariana Romero,miembrom4.png
238,Encarnación Mascaró,"['Nuevas Tecnologías', 'Amigos y Ocio', 'Burocracia', 'Servicios del Municipio']",2,No sabía lo que le pedía,Amparo Hoz,miembroh3.png
239,Santiago Abad,['Salud'],2,No terminó de ayudarme,César Tudela,opinion2m.png
240,Marco Madrid,"['Nuevas Tecnologías', 'Amigos y Ocio', 'Burocracia', 'Servicios del Municipio']",5,Qué bien que pudo ayudarme con mis papeles,Dionisio Baquero,opinion3m.png
241,Humberto Ropero,"['Nuevas Tecnologías', 'Servicios del Municipio']",3,Me ha resuelto muchas dudas,Raimundo Giralt,opinion3m.png
242,Mireia Montserrat,"['Salud', 'El día a día', 'Servicios del Municipio']",3,Me ha resuelto muchas dudas,Amalia Esparza,opinion3m.png
243,Adela Salamanca,"['Nuevas Tecnologías', 'El día a día', 'Servicios del Municipio']",3,Me ha ayudado en lo que le he pedido,Corona Espada,opinion3m.png
244,Imelda García,"['Salud', 'Servicios del Municipio']",5,Fue un día estupendo,Teodosio Jódar,miembroh3.png
245,Ariadna Sáenz,"['Nuevas Tecnologías', 'Servicios del Municipio']",2,No ha ido mal,Sofía Rosa,opinion1.png
246,Nadia Doménech,"['Salud', 'Amigos y Ocio', 'El día a día', 'Servicios del Municipio']",5,Fue un día estupendo,Javiera Almansa,opinion6.png
247,Genoveva Blazquez,"['Nuevas Tecnologías', 'Salud', 'El día a día']",1,Tuvo muy poca paciencia,Baudelio Barbero,miembroh3.png
248,Loreto Villalba,"['Amigos y Ocio', 'El día a día', 'Burocracia', 'Servicios del Municipio']",5,Encantado con toda la ayuda que he recibido,Julián Polo,opinion1.png
249,Gracia Naranjo,"['Nuevas Tecnologías', 'Salud', 'Amigos y Ocio', 'El día a día', 'Servicios del Municipio']",3,Un día agradable,Elvira Arribas,miembrom3.png
250,Ciro Menéndez,"['Nuevas Tecnologías', 'Salud', 'Amigos y Ocio', 'El día a día', 'Burocracia', 'Servicios del Municipio']",3,Me ayudó mucho en casa,Iván Avilés,miembroh3.png
251,Jafet Colom,"['Nuevas Tecnologías', 'Salud', 'Amigos y Ocio', 'El día a día', 'Burocracia', 'Servicios del Municipio']",3,Me ha ayudado en lo que le he pedido,María Teresa Plaza,miembrom4.png
252,Amador Arteaga,"['Nuevas Tecnologías', 'Salud', 'El día a día', 'Servicios del Municipio']",3,Me ha ayudado mucho,Iris Pascual,miembroh1.png
253,Jose Ignacio Beltran,"['Amigos y Ocio', 'El día a día']",5,"Gracias, ha sido toda una experiencia",Francisco Javier Villalba,miembrom3.png
254,Xavier Ribas,['El día a día'],5,Sin duda seguiré utilizando este servicio,Lara Lasa,opinion2m.png
255,Soraya Ferreras,['Nuevas Tecnologías'],2,No terminó de ayudarme,Cándida Barroso,miembrom3.png
256,Lina Plana,"['Nuevas Tecnologías', 'Amigos y Ocio', 'El día a día', 'Burocracia']",1,No me arregló los papeles,Lupita Guillen,miembroh3.png
257,Ana Belén Pulido,"['Amigos y Ocio', 'Burocracia']",1,No me ayudó nada,Alexandra Portillo,opinion1.png
258,Jose Francisco Coloma,"['Nuevas Tecnologías', 'Salud', 'Amigos y Ocio']",2,No ha podido ayudarme en lo que necesitaba,Ana Sofía Gomila,miembroh1.png
259,Gabriela Adán,['Amigos y Ocio'],1,Al final tuvo que irse antes,Macarena Monreal,miembrom3.png
260,Teodora Campillo,"['Nuevas Tecnologías', 'Burocracia']",5,"Es un sol, me ayudó a desbloquear el móvil y lo arregló",Jose Francisco Ibañez,opinion5m.png
261,Melania Rodríguez,"['Salud', 'Amigos y Ocio', 'El día a día', 'Burocracia']",4,No hubiera podido está más feliz,Soledad Olmedo,opinion2m.png
262,Isidoro Echeverría,"['Amigos y Ocio', 'El día a día', 'Servicios del Municipio']",5,"Es un sol, me ayudó a desbloquear el móvil y lo arregló",Carmen Salas,miembrom3.png
263,Nilda Villaverde,"['Amigos y Ocio', 'El día a día', 'Burocracia', 'Servicios del Municipio']",4,No puedo estar más agradecida,Baldomero Sanchez,miembrom4.png
264,Abril Ibañez,"['Burocracia', 'Servicios del Municipio']",1,El día podría haber estado mejor,Narcisa Pazos,miembroh3.png
265,Yéssica Carrión,"['Nuevas Tecnologías', 'Amigos y Ocio', 'Burocracia']",3,Me ayudó mucho en casa,María Carmen Otero,opinion3m.png
266,Yago Cañellas,"['Salud', 'El día a día', 'Servicios del Municipio']",3,Me ha ayudado mucho,Natanael Duque,opinion3m.png
267,Nicolasa Sobrino,"['Nuevas Tecnologías', 'El día a día', 'Servicios del Municipio']",5,Es un encanto y me ayudó a hablar con mis nietos,Jimena Fajardo,opinion1.png
268,Guadalupe Molins,"['Nuevas Tecnologías', 'Salud']",1,No me ayudó nada,Remedios Montalbán,opinion1.png
269,Marisol Salas,"['Nuevas Tecnologías', 'Salud', 'El día a día', 'Burocracia', 'Servicios del Municipio']",1,Al final tuvo que irse antes,José Ángel Armengol,opinion1.png
270,Emperatriz Vargas,"['Nuevas Tecnologías', 'Amigos y Ocio', 'Burocracia', 'Servicios del Municipio']",4,"Es un sol, me ayudó a desbloquear el móvil y lo arregló",Artemio Blanca,miembrom3.png
271,Teodosio Salmerón,"['El día a día', 'Servicios del Municipio']",2,No sabía lo que le pedía,Nélida Conde,miembrom4.png
272,Teófila Cuenca,"['Nuevas Tecnologías', 'El día a día', 'Burocracia']",3,Me ayudó en lo que necesitaba,Anselma Correa,miembroh3.png
273,Mar Taboada,"['Burocracia', 'Servicios del Municipio']",3,Me lo he pasado bien,Antonia Aroca,opinion5m.png
274,Vinicio Jove,['Servicios del Municipio'],3,Gran dia,Florentino Galindo,opinion1.png
275,Maricruz Huertas,"['Nuevas Tecnologías', 'Salud', 'El día a día']",3,No hemos terminado de congeniar pero ha estado bien,Ulises Donaire,miembrom4.png
276,Priscila Lluch,"['Amigos y Ocio', 'Burocracia', 'Servicios del Municipio']",3,Gracias,Virgilio Benito,opinion4.png
277,María Dolores Vázquez,"['Amigos y Ocio', 'El día a día', 'Burocracia']",4,No hubiera podido está más feliz,Morena Vega,miembrom4.png
278,Amada Haro,"['Salud', 'Burocracia', 'Servicios del Municipio']",2,No sabía lo que le pedía,Iris Mesa,opinion4.png
279,Leonardo Sabater,"['Amigos y Ocio', 'El día a día', 'Burocracia', 'Servicios del Municipio']",5,Sin duda seguiré utilizando este servicio,Lope Olivares,opinion6.png
280,Casemiro Macias,"['Amigos y Ocio', 'El día a día', 'Servicios del Municipio']",1,No me pudo acompañar donde yo quería,Artemio Navarro,opinion2m.png
281,Joel Llabrés,"['Nuevas Tecnologías', 'El día a día']",1,No me arregló los papeles,Trini Manuel,opinion4.png
282,Nico Montenegro,"['Salud', 'Amigos y Ocio', 'El día a día', 'Burocracia', 'Servicios del Municipio']",1,El día podría haber estado mejor,Visitación Reig,opinion5m.png
283,Teodora Berrocal,"['Nuevas Tecnologías', 'Amigos y Ocio', 'Burocracia']",4,Es un encanto y me ayudó a hablar con mis nietos,Magdalena Company,miembrom4.png
284,Emiliano Contreras,"['Nuevas Tecnologías', 'El día a día', 'Burocracia', 'Servicios del Municipio']",5,No hubiera podido estar más feliz,Juan Pablo Revilla,miembrom3.png
285,Jerónimo Piñol,"['Amigos y Ocio', 'Burocracia', 'Servicios del Municipio']",2,"Bueno, podría mejorar",Noemí Delgado,miembroh3.png
286,Joaquina Corominas,"['Nuevas Tecnologías', 'Salud', 'El día a día']",3,Estoy contenta,Adela Zaragoza,opinion6.png
287,Lara Gargallo,"['Nuevas Tecnologías', 'Salud', 'Amigos y Ocio', 'El día a día', 'Burocracia']",2,No ha ido mal,Ester Camps,opinion6.png
288,Bernardo Ribera,"['Amigos y Ocio', 'El día a día', 'Burocracia', 'Servicios del Municipio']",3,Me acompañó en lo que necesitaba,Melchor Rueda,opinion1.png
289,Saturnino Muro,"['Nuevas Tecnologías', 'Amigos y Ocio', 'Burocracia']",2,No ha podido ayudarme en lo que necesitaba,Galo Galan,miembrom4.png
290,Candela Solano,"['Nuevas Tecnologías', 'Salud', 'Servicios del Municipio']",2,Está normal,Roberta Alonso,miembroh3.png
291,Severo Barrios,"['Amigos y Ocio', 'Burocracia', 'Servicios del Municipio']",3,Gracias,Maribel Carbajo,opinion4.png
292,Hilario Rivera,"['Nuevas Tecnologías', 'Amigos y Ocio', 'Servicios del Municipio']",2,Ha llegado tarde,Iván Capdevila,miembroh3.png
293,Roque Aller,"['Nuevas Tecnologías', 'Amigos y Ocio', 'El día a día', 'Burocracia']",1,No me arregló los papeles,Enrique Córdoba,opinion1.png
294,Rocío Pintor,['Nuevas Tecnologías'],4,Es un encanto y me ayudó a hablar con mis nietos,Pili Estevez,opinion6.png
295,Albina Aguado,"['Nuevas Tecnologías', 'Burocracia', 'Servicios del Municipio']",4,Fue un día estupendo,Eugenia Pedrero,opinion1.png
296,Pastor Porta,"['Nuevas Tecnologías', 'El día a día']",3,Me lo he pasado bien,Guadalupe Alberto,opinion6.png
297,Reyna Rius,"['Amigos y Ocio', 'El día a día']",4,"Es un sol, me ayudó a desbloquear el móvil y lo arregló",Candelario Ibáñez,miembroh1.png
298,Bárbara Torrents,"['Amigos y Ocio', 'Burocracia', 'Servicios del Municipio']",4,No puedo estar más agradecida,Custodio Roca,opinion1.png
299,Isidoro Llamas,"['El día a día', 'Burocracia']",3,Un día agradable,Rosario Martinez,opinion2m.png
300,Tristán Andres,"['Nuevas Tecnologías', 'Salud']",2,No ha ido mal,Adán Coca,miembroh3.png
301,Roque Navarrete,"['Salud', 'Burocracia']",5,"Gracias, ha sido toda una experiencia",Rosalía Valenzuela,miembroh3.png
302,Guiomar Quiroga,"['Salud', 'El día a día', 'Servicios del Municipio']",3,Ha estado muy bien,Margarita Flor,miembrom4.png
303,Lourdes Solsona,"['Amigos y Ocio', 'El día a día']",1,Al final tuvo que irse antes,Úrsula Simó,miembroh1.png
304,Zaira Amores,"['El día a día', 'Burocracia', 'Servicios del Municipio']",4,Fue un día estupendo,Íngrid Escalona,opinion6.png
305,Victoria Prada,"['Salud', 'Amigos y Ocio', 'El día a día', 'Burocracia', 'Servicios del Municipio']",4,No hubiera podido está más feliz,Tadeo Rincón,opinion6.png
306,Dora Blanes,"['Nuevas Tecnologías', 'Salud', 'Amigos y Ocio']",3,Me ayudó mucho en casa,Adán Herrera,opinion2m.png
307,Fernanda Cerdá,"['Amigos y Ocio', 'El día a día']",2,No ha podido ayudarme en lo que necesitaba,Gilberto Pelayo,miembrom4.png
308,Roxana Serrano,"['Nuevas Tecnologías', 'Amigos y Ocio']",5,No puedo estar más agradecida,Febe Gual,opinion2m.png
309,Germán Juan,"['Nuevas Tecnologías', 'Salud', 'Amigos y Ocio', 'El día a día']",5,Qué bien que pudo ayudarme con mis papeles,Víctor Granados,opinion3m.png
310,Reynaldo Morán,"['Nuevas Tecnologías', 'Salud', 'Amigos y Ocio', 'El día a día', 'Burocracia']",4,No hubiera podido está más feliz,Nazario Perelló,opinion2m.png
311,Héctor Morillo,"['Salud', 'Amigos y Ocio', 'Servicios del Municipio']",1,El día podría haber estado mejor,Donato Ros,miembroh1.png
312,Nicolás Robles,['Nuevas Tecnologías'],5,Sin duda seguiré utilizando este servicio,Palmira Armas,opinion3m.png
313,José Antonio Azorin,"['Amigos y Ocio', 'Burocracia']",5,No hubiera podido estar más feliz,Ezequiel Benitez,miembroh1.png
314,Pancho Gomez,"['Nuevas Tecnologías', 'Burocracia']",5,Me ayudó mucho en casa,León Paredes,opinion2m.png
315,Florentina Arjona,"['Nuevas Tecnologías', 'El día a día', 'Burocracia']",1,No me arregló los papeles,Marcelo Camacho,miembroh3.png
316,Marisela Anguita,"['Salud', 'Amigos y Ocio', 'El día a día', 'Servicios del Municipio']",2,Ha llegado tarde,Enrique Aramburu,opinion5m.png
317,Jose Miguel Almagro,"['Nuevas Tecnologías', 'Amigos y Ocio']",2,Puede mejorar,Aitana Gimeno,miembroh1.png
318,Ester Gómez,"['El día a día', 'Burocracia']",1,No me pudo acompañar donde yo quería,Berto Marin,miembroh1.png
319,Edmundo Gibert,"['Nuevas Tecnologías', 'Salud', 'El día a día', 'Burocracia', 'Servicios del Municipio']",2,No ha ido mal,Chus Cerezo,opinion2m.png
320,Adela Jaén,"['Nuevas Tecnologías', 'Salud', 'Amigos y Ocio', 'El día a día']",1,Al final tuvo que irse antes,Jafet Lobato,miembrom4.png
321,María Fernanda Peinado,"['Nuevas Tecnologías', 'Salud', 'Amigos y Ocio', 'Servicios del Municipio']",4,No hubiera podido está más feliz,Anselma Rivas,miembrom3.png
322,Florencio Céspedes,"['Salud', 'El día a día', 'Burocracia', 'Servicios del Municipio']",1,Al final tuvo que irse antes,Bibiana Pacheco,opinion3m.png
323,María Amigó,"['Nuevas Tecnologías', 'El día a día', 'Burocracia']",2,Ha llegado tarde,Zaida Calvo,miembroh1.png
324,Úrsula Perez,"['Nuevas Tecnologías', 'El día a día', 'Burocracia']",5,"Es un sol, me ayudó a desbloquear el móvil y lo arregló",Encarna Agudo,opinion2m.png
325,Régulo Fiol,['Servicios del Municipio'],2,No ha ido mal,Juan Luis Carreras,opinion3m.png
326,Carlos Herrero,"['Nuevas Tecnologías', 'Amigos y Ocio', 'El día a día']",1,Al final tuvo que irse antes,Modesta Viana,opinion6.png
327,Cristian Mata,"['Salud', 'Burocracia']",3,Un día agradable,Yago Cabo,opinion2m.png
328,Remedios Armengol,"['Nuevas Tecnologías', 'Salud', 'El día a día', 'Servicios del Municipio']",2,Puede mejorar,Itziar Garzón,opinion3m.png
329,Ovidio Velasco,"['Salud', 'Amigos y Ocio', 'El día a día', 'Burocracia']",5,Sin duda seguiré utilizando este servicio,Eloísa Ferrero,opinion1.png
330,Flora Nogueira,"['El día a día', 'Servicios del Municipio']",4,Es un encanto y me ayudó a hablar con mis nietos,Lalo Francisco,opinion2m.png
331,Albano Trillo,"['Nuevas Tecnologías', 'Salud', 'Amigos y Ocio', 'El día a día', 'Servicios del Municipio']",2,Ha llegado tarde,Luz Poza,opinion3m.png
332,Curro Rosselló,"['Amigos y Ocio', 'El día a día', 'Burocracia']",3,No hemos terminado de congeniar pero ha estado bien,Herberto Águila,opinion3m.png
333,Porfirio Segura,"['Amigos y Ocio', 'El día a día', 'Burocracia']",3,Ha estado muy bien,Hugo Prada,miembroh1.png
334,Laura Rozas,"['Salud', 'Amigos y Ocio', 'Servicios del Municipio']",2,Ha llegado tarde,Guiomar Machado,opinion3m.png
335,Gabriel Vélez,"['Nuevas Tecnologías', 'El día a día', 'Burocracia']",5,Qué bien que pudo ayudarme con mis papeles,Ani Batlle,miembrom4.png
336,Florina León,['Salud'],1,No me pudo acompañar donde yo quería,Edu Escobar,opinion5m.png
337,Encarnación Tomás,"['Nuevas Tecnologías', 'Salud', 'Amigos y Ocio', 'Burocracia', 'Servicios del Municipio']",5,"Gracias, ha sido toda una experiencia",Armida Marti,opinion5m.png
338,Adela Ruano,"['Nuevas Tecnologías', 'Salud', 'El día a día', 'Burocracia', 'Servicios del Municipio']",5,No hubiera podido estar más feliz,Ámbar Patiño,miembrom3.png
339,Paola Ledesma,"['Nuevas Tecnologías', 'Amigos y Ocio', 'El día a día', 'Burocracia']",3,Me ha ayudado mucho,Herberto Toledo,miembrom3.png
340,Mohamed Higueras,"['Nuevas Tecnologías', 'Amigos y Ocio', 'El día a día', 'Burocracia', 'Servicios del Municipio']",1,No es muy habladora,Manuela Huerta,opinion6.png
341,Paulina Bolaños,"['Nuevas Tecnologías', 'El día a día', 'Burocracia', 'Servicios del Municipio']",2,No sabía lo que le pedía,Curro Sevilla,opinion3m.png
342,León Sanmartín,"['Salud', 'Burocracia', 'Servicios del Municipio']",5,No puedo estar más agradecida,Nélida Aragonés,opinion4.png
343,Jose Francisco Andrade,['Amigos y Ocio'],2,No ha ido mal,Reina Márquez,opinion1.png
344,Ana Belén Morcillo,"['Amigos y Ocio', 'El día a día', 'Burocracia']",3,Gran dia,Camilo Royo,miembrom3.png
345,Germán Torrent,"['Salud', 'Burocracia']",1,Tuvo muy poca paciencia,Ileana Pagès,opinion4.png
346,Ibán Pacheco,"['Nuevas Tecnologías', 'Salud', 'El día a día']",2,El servicio no estuvo mal,Jose Carlos Puig,miembrom3.png
347,Nayara Jordán,"['El día a día', 'Burocracia', 'Servicios del Municipio']",5,No puedo estar más agradecida,Regina Pardo,miembrom4.png
348,Noé Losa,"['Nuevas Tecnologías', 'Amigos y Ocio', 'Burocracia']",2,Puede mejorar,Valerio Narváez,miembrom4.png
349,Silvia Llorente,"['Salud', 'Servicios del Municipio']",3,Me ha resuelto muchas dudas,Julio Mancebo,opinion2m.png
350,Cayetana Agustín,"['Amigos y Ocio', 'El día a día']",5,Sin duda seguiré utilizando este servicio,Nicolás Alegre,miembroh1.png
351,Asunción Feijoo,"['Amigos y Ocio', 'El día a día']",4,Fue un día estupendo,Calista Antúnez,opinion2m.png
352,Che Hernández,"['Nuevas Tecnologías', 'Salud', 'El día a día', 'Servicios del Municipio']",3,Gran dia,Pastor Grau,opinion2m.png
353,Lola Hernandez,"['Salud', 'Amigos y Ocio', 'El día a día', 'Burocracia']",1,No me entendía,Tito Pedro,miembrom3.png
354,Jessica Tamayo,"['Nuevas Tecnologías', 'Amigos y Ocio', 'El día a día', 'Burocracia']",1,Al final tuvo que irse antes,Ale Calderon,miembrom4.png
355,Flavia Tudela,"['Nuevas Tecnologías', 'Burocracia', 'Servicios del Municipio']",5,"Es un sol, me ayudó a desbloquear el móvil y lo arregló",Guillermo Niño,opinion3m.png
356,Victorino Alemany,"['Nuevas Tecnologías', 'Amigos y Ocio', 'Burocracia', 'Servicios del Municipio']",5,Es un encanto y me ayudó a hablar con mis nietos,Brígida Castells,opinion1.png
357,Ciro Mariscal,['Burocracia'],5,Encantado con toda la ayuda que he recibido,Rolando Pablo,opinion6.png
358,Ismael Hervia,"['Nuevas Tecnologías', 'Amigos y Ocio', 'El día a día', 'Burocracia', 'Servicios del Municipio']",1,El día podría haber estado mejor,Matías Yáñez,miembrom4.png
359,Mariano Roig,"['Salud', 'Burocracia', 'Servicios del Municipio']",5,Qué bien que pudo ayudarme con mis papeles,Pánfilo Estévez,miembroh3.png
360,Marcia Ortiz,"['El día a día', 'Servicios del Municipio']",3,Es muy amable,Anita Carro,opinion6.png
361,Julia Santiago,"['Nuevas Tecnologías', 'El día a día', 'Servicios del Municipio']",2,"Bueno, podría mejorar",Dorita Casado,opinion3m.png
362,Kike Medina,['Amigos y Ocio'],1,Tuvo muy poca paciencia,Guadalupe Llobet,opinion3m.png
363,José Gual,"['Salud', 'Amigos y Ocio', 'Servicios del Municipio']",1,No pudo ayudarme,Arcelia Isern,opinion6.png
364,Dionisio Fernández,"['Nuevas Tecnologías', 'Salud', 'Amigos y Ocio', 'Burocracia', 'Servicios del Municipio']",3,Me lo he pasado bien,Toni Albero,opinion1.png
365,Maximiano Carreras,"['Amigos y Ocio', 'Servicios del Municipio']",5,Encantado con toda la ayuda que he recibido,Roque Pallarès,opinion4.png
366,Manuelita Esteve,"['Nuevas Tecnologías', 'Amigos y Ocio']",3,Me ayudó en lo que necesitaba,Ricarda Pinilla,opinion1.png
367,Gregorio Gascón,"['Nuevas Tecnologías', 'Salud', 'El día a día', 'Burocracia', 'Servicios del Municipio']",2,Es amable aunque no divertida,Marco Díez,miembrom3.png
368,Mamen Tomé,"['Nuevas Tecnologías', 'El día a día', 'Burocracia', 'Servicios del Municipio']",1,El día podría haber estado mejor,Verónica Burgos,opinion1.png
369,Leonel Zamorano,"['Nuevas Tecnologías', 'Amigos y Ocio', 'El día a día']",3,Me ayudó en lo que necesitaba,Loreto Quirós,miembroh1.png
370,Edelmira Luna,"['Amigos y Ocio', 'El día a día', 'Burocracia']",3,Un día agradable,Susanita Marcos,miembroh1.png
371,Cornelio Ferrera,"['Nuevas Tecnologías', 'Burocracia', 'Servicios del Municipio']",4,No hubiera podido está más feliz,Griselda Blazquez,miembroh1.png
372,Manu Gordillo,['Nuevas Tecnologías'],3,Gran dia,Margarita Torralba,opinion1.png
373,Poncio Alcalá,"['Nuevas Tecnologías', 'Amigos y Ocio', 'Servicios del Municipio']",1,No me pudo acompañar donde yo quería,Rogelio Luís,opinion1.png
374,Leandra Castañeda,"['Nuevas Tecnologías', 'Salud', 'Amigos y Ocio', 'El día a día', 'Servicios del Municipio']",3,Me ha ayudado mucho,Encarnita Clemente,miembrom4.png
375,Leocadio Arroyo,"['Nuevas Tecnologías', 'Salud', 'El día a día', 'Burocracia', 'Servicios del Municipio']",1,No sabía lo que le pedía,Santos Pinto,opinion4.png
376,Baltasar Manzano,"['Salud', 'Burocracia', 'Servicios del Municipio']",1,Llegó tarde,Silvio Ferrer,opinion5m.png
377,José Cases,"['Salud', 'Burocracia', 'Servicios del Municipio']",1,Llegó tarde,Marcial Boada,miembrom3.png
378,Felicia Alberola,"['Nuevas Tecnologías', 'El día a día', 'Servicios del Municipio']",4,No puedo estar más agradecida,Norberto Solera,opinion1.png
379,Consuela Luís,"['Salud', 'El día a día', 'Servicios del Municipio']",2,No ha podido ayudarme en lo que necesitaba,Bernardino Bautista,miembroh1.png
380,Adora Tejero,"['Salud', 'El día a día', 'Burocracia', 'Servicios del Municipio']",4,No puedo estar más agradecida,Fabián Osuna,opinion4.png
381,Valero Niño,"['Nuevas Tecnologías', 'Salud', 'Servicios del Municipio']",5,Es un encanto y me ayudó a hablar con mis nietos,Lupe Fabra,miembrom4.png
382,Gerónimo Aznar,"['Burocracia', 'Servicios del Municipio']",5,Qué bien que pudo ayudarme con mis papeles,Natalia Reyes,miembrom4.png
383,José Antonio Tejedor,"['Amigos y Ocio', 'Servicios del Municipio']",4,Fue un día estupendo,Rogelio Castell,miembroh3.png
384,Danilo Bas,"['Salud', 'Amigos y Ocio', 'El día a día', 'Servicios del Municipio']",5,Es un encanto y me ayudó a hablar con mis nietos,Azeneth Donoso,opinion6.png
385,Salvador Téllez,"['Nuevas Tecnologías', 'Salud', 'Amigos y Ocio', 'Servicios del Municipio']",5,No hubiera podido estar más feliz,Roberta Blasco,miembrom3.png
386,Candelario Baeza,"['Nuevas Tecnologías', 'Salud', 'Amigos y Ocio', 'El día a día', 'Burocracia']",1,No me pudo acompañar donde yo quería,Felicidad Bernad,opinion5m.png
387,Evaristo Mateu,['Amigos y Ocio'],2,Es amable aunque no divertida,Miguel Ángel Arjona,miembrom4.png
388,Che Carrasco,['Burocracia'],5,No puedo estar más agradecida,Fermín Fonseca,opinion6.png
389,Celestina Rico,"['Nuevas Tecnologías', 'Burocracia', 'Servicios del Municipio']",1,No me pudo acompañar donde yo quería,Mario Ugarte,miembroh3.png
390,Eloísa Gonzalez,"['Nuevas Tecnologías', 'El día a día', 'Servicios del Municipio']",4,No hubiera podido está más feliz,Baldomero Campos,opinion3m.png
391,Maura Sanjuan,['Amigos y Ocio'],2,No sabía lo que le pedía,Clarisa Cañellas,opinion6.png
392,Violeta Martinez,"['Nuevas Tecnologías', 'Servicios del Municipio']",3,Ha podido ayudarme en algunas cosas,Esther Tejada,miembroh1.png
393,Rosalina Romeu,"['Salud', 'Amigos y Ocio', 'Servicios del Municipio']",2,No sabía lo que le pedía,Dimas Alfaro,opinion5m.png
394,Marcos Barrena,"['Amigos y Ocio', 'El día a día', 'Burocracia', 'Servicios del Municipio']",4,Fue un día estupendo,Celso Lluch,miembroh3.png
395,Emilia Cabezas,"['Nuevas Tecnologías', 'Servicios del Municipio']",3,Me ayudó mucho en casa,Pastor Serna,miembroh1.png
396,María Carmen Galiano,"['Salud', 'Amigos y Ocio']",5,"Gracias, ha sido toda una experiencia",Anastasio Villanueva,miembrom3.png
397,Eufemia Bertrán,"['Nuevas Tecnologías', 'Amigos y Ocio', 'El día a día', 'Burocracia']",1,No me ayudó nada,Charo Cerro,opinion1.png
398,Faustino Heredia,"['El día a día', 'Servicios del Municipio']",4,Fue un día estupendo,Socorro Mate,opinion6.png
399,Fulgencio Benavides,"['Nuevas Tecnologías', 'Burocracia', 'Servicios del Municipio']",1,No me entendía,Saturnino Milla,miembroh3.png
400,Faustino Acedo,"['Nuevas Tecnologías', 'Burocracia']",3,Me ayudó mucho en casa,Samu Miguel,opinion6.png
401,Sebastian Soriano,"['Salud', 'Burocracia']",1,Tuvo muy poca paciencia,Andrés Silva,opinion4.png
402,Lupe Antúnez,"['Nuevas Tecnologías', 'Burocracia', 'Servicios del Municipio']",2,Puede mejorar,Brunilda Hervia,miembrom3.png
403,Jesús Maldonado,"['Nuevas Tecnologías', 'Burocracia']",1,No habla mucho,Pastora Abril,opinion2m.png
404,Lara Guillen,"['Salud', 'El día a día', 'Servicios del Municipio']",4,"Es un sol, me ayudó a desbloquear el móvil y lo arregló",Ana Rosales,opinion3m.png
405,Ámbar Figuerola,['Burocracia'],5,Qué bien que pudo ayudarme con mis papeles,Custodia Vidal,miembrom3.png
406,Teodoro Cardona,['Amigos y Ocio'],1,Llegó tarde,Margarita Varela,miembroh1.png
407,Candelas Larrañaga,"['Nuevas Tecnologías', 'El día a día', 'Burocracia', 'Servicios del Municipio']",1,No me pudo acompañar donde yo quería,Sonia Cerdá,opinion3m.png
408,Pascuala Cisneros,"['Nuevas Tecnologías', 'Salud', 'Amigos y Ocio', 'Servicios del Municipio']",4,Fue un día estupendo,Estefanía Casanovas,opinion1.png
409,Calixto Barreda,"['Nuevas Tecnologías', 'Burocracia']",4,Es un encanto y me ayudó a hablar con mis nietos,Ibán Gaya,opinion1.png
410,Fito Malo,"['Nuevas Tecnologías', 'Salud', 'Burocracia', 'Servicios del Municipio']",4,No hubiera podido está más feliz,Cruz Valenciano,miembrom4.png
411,Valentín Casanova,"['Amigos y Ocio', 'Burocracia']",4,No puedo estar más agradecida,Zacarías Viñas,opinion2m.png
412,Adelina Vall,"['Salud', 'El día a día', 'Burocracia', 'Servicios del Municipio']",5,"Es un sol, me ayudó a desbloquear el móvil y lo arregló",Agustina Manrique,opinion1.png
413,Calista Uribe,"['Nuevas Tecnologías', 'Salud', 'El día a día']",2,No ha podido ayudarme en lo que necesitaba,Paulino Carpio,miembrom4.png
414,Urbano Bernat,"['Salud', 'Amigos y Ocio', 'El día a día', 'Servicios del Municipio']",3,Ha podido ayudarme en algunas cosas,Juanita Alcalá,opinion1.png
415,Elba Rosales,"['Nuevas Tecnologías', 'Salud', 'Amigos y Ocio']",2,No ha ido mal,Remedios Alfonso,opinion1.png
416,Macaria Mora,"['Salud', 'Burocracia']",1,Al final tuvo que irse antes,Guadalupe Diaz,opinion2m.png
417,Elisabet Ibáñez,"['Burocracia', 'Servicios del Municipio']",1,No pudo ayudarme,Rosalina Sanmartín,miembroh3.png
418,Amancio Bravo,"['Nuevas Tecnologías', 'Salud', 'El día a día']",5,No hubiera podido estar más feliz,Claudio Barco,opinion2m.png
419,Jenaro Almansa,"['Nuevas Tecnologías', 'Salud', 'El día a día', 'Servicios del Municipio']",1,No habla mucho,Régulo Heras,miembroh3.png
420,María Del Carmen Leon,"['Salud', 'Amigos y Ocio']",5,No puedo estar más agradecida,Eric Planas,miembrom3.png
421,Corona Díez,['Salud'],1,El día podría haber estado mejor,Carlota Aparicio,miembroh1.png
422,Adoración Villena,['Servicios del Municipio'],4,Es un encanto y me ayudó a hablar con mis nietos,María José Moll,miembrom3.png
423,Florinda Escudero,"['Nuevas Tecnologías', 'El día a día', 'Burocracia']",4,Fue un día estupendo,Álvaro Abascal,opinion6.png
424,Delfina Bou,"['Amigos y Ocio', 'Burocracia', 'Servicios del Municipio']",5,"Es un sol, me ayudó a desbloquear el móvil y lo arregló",José Cañizares,opinion2m.png
425,Adoración Oliveras,"['Nuevas Tecnologías', 'Burocracia']",1,No habla mucho,Anacleto Riba,opinion5m.png
426,Sebastian Mínguez,"['Amigos y Ocio', 'Servicios del Municipio']",1,No sabía lo que le pedía,Candelario Vigil,opinion3m.png
427,Miguel Ángel Calvo,"['Nuevas Tecnologías', 'El día a día']",5,No puedo estar más agradecida,Eliana Torres,miembrom3.png
428,Rosa Cuevas,"['Amigos y Ocio', 'Burocracia', 'Servicios del Municipio']",5,No puedo estar más agradecida,Cristina Rodrigo,opinion1.png
429,Narciso Valbuena,"['Nuevas Tecnologías', 'Amigos y Ocio', 'Servicios del Municipio']",3,Gran dia,Dan Valle,miembroh1.png
430,Luis Pérez,"['Nuevas Tecnologías', 'Salud', 'Amigos y Ocio']",1,El día podría haber estado mejor,Florinda Romeu,opinion4.png
431,Odalys Arco,"['Salud', 'Amigos y Ocio', 'El día a día', 'Burocracia']",3,Me acompañó en lo que necesitaba,Maximiliano Beltrán,miembrom3.png
432,Wálter Borja,"['Amigos y Ocio', 'Servicios del Municipio']",2,No sabía lo que le pedía,Julia Orozco,miembrom3.png
433,Maxi Iniesta,"['Nuevas Tecnologías', 'Salud', 'Amigos y Ocio', 'Servicios del Municipio']",4,No hubiera podido está más feliz,Carina Riera,miembrom3.png
434,Moisés Carmona,"['Burocracia', 'Servicios del Municipio']",4,Fue un día estupendo,Ale Verdejo,opinion3m.png
435,María Teresa Quintero,"['Nuevas Tecnologías', 'Salud', 'Burocracia', 'Servicios del Municipio']",4,Es un encanto y me ayudó a hablar con mis nietos,Haroldo Ribes,miembrom3.png
436,Rosaura Vilar,"['Nuevas Tecnologías', 'Salud', 'Amigos y Ocio', 'El día a día', 'Servicios del Municipio']",3,Me ha ayudado en lo que le he pedido,Emiliano Figueroa,miembroh3.png
437,Paloma Abella,"['Nuevas Tecnologías', 'Amigos y Ocio', 'El día a día']",4,"Es un sol, me ayudó a desbloquear el móvil y lo arregló",Esmeralda Chacón,miembrom3.png
438,Gema Reyes,"['Salud', 'Amigos y Ocio', 'Servicios del Municipio']",5,"Gracias, ha sido toda una experiencia",Luis Miguel Valderrama,opinion3m.png
439,Baltasar Expósito,"['Nuevas Tecnologías', 'El día a día', 'Burocracia', 'Servicios del Municipio']",3,Ha podido ayudarme en algunas cosas,Moisés Parra,opinion1.png
440,Aura Valentín,"['Nuevas Tecnologías', 'Salud', 'Amigos y Ocio', 'Burocracia', 'Servicios del Municipio']",3,Ha estado muy bien,Juanito Palomo,opinion1.png
441,Eufemia Frutos,"['Nuevas Tecnologías', 'Salud']",2,Es amable aunque no divertida,Julián Castrillo,opinion5m.png
442,Juanito Castro,"['Amigos y Ocio', 'Servicios del Municipio']",4,"Es un sol, me ayudó a desbloquear el móvil y lo arregló",Eugenio Sevillano,miembrom4.png
443,Áurea Maestre,"['Amigos y Ocio', 'Burocracia']",4,Es un encanto y me ayudó a hablar con mis nietos,Emilia Paz,miembroh1.png
444,Urbano Tormo,"['El día a día', 'Servicios del Municipio']",1,No me ayudó nada,Guillermo Pons,miembrom4.png
445,Domingo Heras,"['Amigos y Ocio', 'Burocracia', 'Servicios del Municipio']",5,Es un encanto y me ayudó a hablar con mis nietos,Epifanio Garcés,opinion6.png
446,Leire Cuadrado,"['Salud', 'Amigos y Ocio', 'El día a día', 'Burocracia', 'Servicios del Municipio']",4,No puedo estar más agradecida,Atilio Ribas,opinion6.png
447,María Raya,"['Nuevas Tecnologías', 'Salud', 'Servicios del Municipio']",4,Es un encanto y me ayudó a hablar con mis nietos,Angélica Lorenzo,opinion5m.png
448,Ciro Carballo,"['Nuevas Tecnologías', 'Amigos y Ocio', 'El día a día']",5,Sin duda seguiré utilizando este servicio,Renato Morante,miembroh3.png
449,Íñigo Carpio,"['Salud', 'Amigos y Ocio', 'Servicios del Municipio']",3,Bien,Jorge Huguet,miembroh3.png
450,Flora Correa,"['Nuevas Tecnologías', 'Amigos y Ocio', 'El día a día', 'Burocracia']",1,Llegó tarde,Imelda Montero,miembroh1.png
451,Andrea Manzanares,"['Salud', 'Burocracia', 'Servicios del Municipio']",5,No puedo estar más agradecida,Petrona Tejero,miembrom3.png
452,Araceli Llano,"['Nuevas Tecnologías', 'Salud', 'Amigos y Ocio', 'Servicios del Municipio']",4,No hubiera podido está más feliz,José Ángel Murillo,opinion2m.png
453,Severo Tolosa,"['Nuevas Tecnologías', 'Amigos y Ocio']",4,Es un encanto y me ayudó a hablar con mis nietos,Débora Font,opinion4.png
454,Agustina Hervás,"['El día a día', 'Burocracia', 'Servicios del Municipio']",2,Es amable aunque no divertida,Lorenzo Porras,miembrom3.png
455,Yago Coca,['Burocracia'],4,No hubiera podido está más feliz,Jose Carlos Izaguirre,miembrom4.png
456,Rodolfo Farré,"['Amigos y Ocio', 'El día a día']",4,Fue un día estupendo,Patricio Morcillo,opinion2m.png
457,África Cerezo,"['Amigos y Ocio', 'El día a día', 'Servicios del Municipio']",4,Fue un día estupendo,Teodosio Valencia,opinion2m.png
458,Rosario Lastra,"['Nuevas Tecnologías', 'Servicios del Municipio']",1,No habla mucho,Lourdes Salmerón,opinion2m.png
459,Otilia Tovar,"['El día a día', 'Burocracia']",2,No ha podido ayudarme en lo que necesitaba,Tamara Alsina,miembrom4.png
460,Rosenda Comas,"['Nuevas Tecnologías', 'Salud', 'Amigos y Ocio']",1,No es muy habladora,Florina Garay,miembrom4.png
461,Victoriano Ochoa,"['Amigos y Ocio', 'El día a día', 'Burocracia']",5,"Es un sol, me ayudó a desbloquear el móvil y lo arregló",Roxana Ramírez,opinion3m.png
462,Nazaret Pi,"['Nuevas Tecnologías', 'Salud', 'Amigos y Ocio', 'El día a día', 'Burocracia', 'Servicios del Municipio']",2,El servicio no estuvo mal,Casandra Escamilla,miembrom4.png
463,Xavier Fabregat,"['Nuevas Tecnologías', 'Amigos y Ocio']",1,El día podría haber estado mejor,Maximino García,opinion2m.png
464,José Reig,"['Nuevas Tecnologías', 'Salud', 'Amigos y Ocio', 'El día a día', 'Burocracia']",5,Fue un día estupendo,Hermenegildo Talavera,opinion5m.png
465,Armando Monreal,"['El día a día', 'Burocracia']",5,Encantado con toda la ayuda que he recibido,Eusebio Pareja,opinion4.png
466,Marcela Piquer,"['Amigos y Ocio', 'Burocracia']",4,"Es un sol, me ayudó a desbloquear el móvil y lo arregló",Encarnacion Vilaplana,miembrom3.png
467,Rolando Cornejo,"['Nuevas Tecnologías', 'El día a día', 'Burocracia']",3,Me acompañó en lo que necesitaba,Loida Pina,opinion3m.png
468,Ana Sofía Vallés,"['Burocracia', 'Servicios del Municipio']",5,Sin duda seguiré utilizando este servicio,Felipe Aguilar,miembrom4.png
469,Dominga Mármol,"['Nuevas Tecnologías', 'Salud', 'Burocracia', 'Servicios del Municipio']",1,No pudo ayudarme,Dionisio Guardia,opinion4.png
470,Ruth Cabrera,"['Nuevas Tecnologías', 'Salud', 'Amigos y Ocio', 'El día a día', 'Burocracia']",3,Me ayudó en lo que necesitaba,Asunción Alemán,opinion1.png
471,Sandra Sacristán,"['El día a día', 'Servicios del Municipio']",2,No terminó de ayudarme,Augusto Juárez,miembroh1.png
472,Cornelio Zorrilla,"['Salud', 'El día a día', 'Servicios del Municipio']",2,Está normal,Clotilde Jerez,miembrom4.png
473,Visitación Saura,"['Amigos y Ocio', 'Servicios del Municipio']",3,Ha estado muy bien,Felipe Yuste,opinion6.png
474,Albino Cobos,"['Nuevas Tecnologías', 'El día a día', 'Burocracia', 'Servicios del Municipio']",2,El servicio no estuvo mal,María Gordillo,miembrom3.png
475,Sebastián Soria,"['Nuevas Tecnologías', 'Salud', 'Burocracia', 'Servicios del Municipio']",4,No puedo estar más agradecida,Juana Cervantes,opinion4.png
476,Merche Nevado,"['Nuevas Tecnologías', 'Burocracia']",2,El servicio no estuvo mal,Brígida Amores,miembrom3.png
477,Estrella Puga,"['Nuevas Tecnologías', 'El día a día', 'Burocracia', 'Servicios del Municipio']",4,No hubiera podido está más feliz,Tecla Zabaleta,miembrom4.png
478,Florentina Pinto,"['Nuevas Tecnologías', 'El día a día', 'Servicios del Municipio']",5,Encantado con toda la ayuda que he recibido,Vera Conesa,miembrom3.png
479,Maximiliano Guitart,"['Nuevas Tecnologías', 'Amigos y Ocio', 'El día a día', 'Burocracia']",5,Encantado con toda la ayuda que he recibido,Daniela Amaya,opinion2m.png
480,Evangelina Madrigal,"['Nuevas Tecnologías', 'Salud', 'Burocracia', 'Servicios del Municipio']",5,Qué bien que pudo ayudarme con mis papeles,Viviana Durán,opinion4.png
481,Javi Botella,"['Nuevas Tecnologías', 'Salud', 'Amigos y Ocio', 'El día a día', 'Servicios del Municipio']",1,El día podría haber estado mejor,Jose Angel Gomez,opinion3m.png
482,Toño Salcedo,"['Nuevas Tecnologías', 'Amigos y Ocio']",5,Qué bien que pudo ayudarme con mis papeles,Samanta Cañete,miembroh1.png
483,Flavio Palmer,"['Salud', 'Burocracia', 'Servicios del Municipio']",3,Ha estado bien,Inés Mora,opinion5m.png
484,Reinaldo Coello,"['Amigos y Ocio', 'Servicios del Municipio']",1,No es muy habladora,Juan José Carreño,opinion4.png
485,Jose Ignacio Escolano,"['Amigos y Ocio', 'Servicios del Municipio']",1,Tuvo muy poca paciencia,Lalo Andreu,miembroh1.png
486,Francisco Piñeiro,"['Nuevas Tecnologías', 'Salud', 'El día a día']",4,Fue un día estupendo,Epifanio Grande,opinion3m.png
487,Estefanía Hernando,"['Nuevas Tecnologías', 'Salud', 'Amigos y Ocio', 'El día a día', 'Servicios del Municipio']",3,Me ayudó mucho en casa,Albert Salcedo,opinion4.png
488,Anastasia Clemente,"['Salud', 'El día a día', 'Servicios del Municipio']",2,No terminó de ayudarme,Febe Méndez,opinion2m.png
489,Jesús Serra,"['Amigos y Ocio', 'El día a día', 'Burocracia', 'Servicios del Municipio']",5,Qué bien que pudo ayudarme con mis papeles,María Carmen Ramón,opinion1.png
490,Felicia Izquierdo,"['Amigos y Ocio', 'Burocracia', 'Servicios del Municipio']",1,No habla mucho,Carmina Arcos,opinion5m.png
491,Ángel Jara,"['Salud', 'Amigos y Ocio', 'El día a día', 'Burocracia', 'Servicios del Municipio']",4,"Es un sol, me ayudó a desbloquear el móvil y lo arregló",Conrado Pereira,opinion2m.png
492,Griselda Sola,"['Nuevas Tecnologías', 'Amigos y Ocio', 'El día a día', 'Burocracia']",4,Fue un día estupendo,Eli Villena,opinion2m.png
493,Valentina Benavent,"['Nuevas Tecnologías', 'El día a día', 'Servicios del Municipio']",4,No puedo estar más agradecida,Josep Campo,miembroh1.png
494,Vasco Ojeda,"['Salud', 'Amigos y Ocio', 'Servicios del Municipio']",1,No me entendía,Glauco Balaguer,opinion6.png
495,Diana Martínez,"['Nuevas Tecnologías', 'Salud', 'El día a día']",2,No ha ido mal,Abril Lladó,miembrom4.png
496,Feliciana Rodrigo,"['Nuevas Tecnologías', 'Amigos y Ocio', 'El día a día', 'Burocracia', 'Servicios del Municipio']",4,"Es un sol, me ayudó a desbloquear el móvil y lo arregló",Agapito Juan,miembrom3.png
497,Jenny Matas,"['Nuevas Tecnologías', 'Amigos y Ocio', 'Burocracia']",3,Ha podido ayudarme en algunas cosas,Eliseo Campoy,miembroh1.png
498,Heliodoro Planas,"['Nuevas Tecnologías', 'Salud', 'El día a día']",1,No me ayudó nada,Rafa Angulo,opinion5m.png
499,Reyna Tomas,"['Burocracia', 'Servicios del Municipio']",2,Es amable aunque no divertida,Eusebia Sans,opinion3m.png
500,Jose Ramón Feliu,"['Salud', 'Servicios del Municipio']",4,Fue un día estupendo,Inmaculada Trillo,miembroh3.png
501,Goyo Sanabria,"['Amigos y Ocio', 'Burocracia']",4,No puedo estar más agradecida,Isabela Hierro,opinion6.png
502,Enrique Español,"['Nuevas Tecnologías', 'Salud', 'El día a día', 'Burocracia', 'Servicios del Municipio']",1,No sabía lo que le pedía,Brígida Solana,miembroh3.png
503,León Sevillano,"['Nuevas Tecnologías', 'El día a día', 'Burocracia']",4,Fue un día estupendo,Tristán Barrios,miembrom3.png
504,Josep Benet,"['Burocracia', 'Servicios del Municipio']",4,No hubiera podido está más feliz,Alexandra Solano,miembroh1.png
505,Venceslás Cabañas,"['Nuevas Tecnologías', 'Salud']",1,Llegó tarde,Samu Arranz,opinion4.png
506,Aureliano Alcolea,"['Salud', 'El día a día']",1,No es muy habladora,Hector Macias,opinion4.png
507,Ciro Guzmán,['Servicios del Municipio'],2,No ha podido ayudarme en lo que necesitaba,Danilo Berenguer,opinion6.png
508,Flavio Ramos,"['Nuevas Tecnologías', 'Salud']",2,No ha ido mal,Macario Bertrán,miembroh1.png
509,Amalia Teruel,"['Nuevas Tecnologías', 'El día a día', 'Burocracia', 'Servicios del Municipio']",2,Es amable aunque no divertida,Julián Tamarit,opinion4.png
510,Ignacio Quero,"['El día a día', 'Burocracia', 'Servicios del Municipio']",5,No hubiera podido estar más feliz,Natividad Adadia,miembroh3.png
511,Vanesa Cózar,['El día a día'],4,Es un encanto y me ayudó a hablar con mis nietos,Toni Cruz,miembroh1.png
512,Reynaldo Abril,"['Nuevas Tecnologías', 'Amigos y Ocio', 'El día a día', 'Burocracia', 'Servicios del Municipio']",4,Fue un día estupendo,Juliana Iriarte,opinion1.png
513,Rosario Lara,['Servicios del Municipio'],3,Ha estado bien,Feliciana Navarrete,opinion2m.png
514,Ángeles Sanz,"['Nuevas Tecnologías', 'Salud', 'El día a día', 'Servicios del Municipio']",2,Puede mejorar,Yéssica Carrasco,opinion2m.png
515,Lucho Torrecilla,['Amigos y Ocio'],3,Estoy contenta,Sandalio Gámez,opinion4.png
516,Fabián Falcó,['Burocracia'],4,No hubiera podido está más feliz,Humberto Gracia,miembrom3.png
517,Manu Gelabert,['Servicios del Municipio'],1,Tuvo muy poca paciencia,Carolina Exposito,opinion6.png
518,Bautista Barrera,"['Nuevas Tecnologías', 'Salud', 'Amigos y Ocio', 'El día a día', 'Burocracia']",1,No pudo ayudarme,Modesto Almeida,miembroh1.png
519,Mariana Mir,"['El día a día', 'Burocracia']",5,"Gracias, ha sido toda una experiencia",Leticia Casal,miembrom4.png
520,Baudelio Ayllón,"['Nuevas Tecnologías', 'Salud', 'Burocracia', 'Servicios del Municipio']",3,Me acompañó en lo que necesitaba,Dominga Villalonga,miembrom4.png
521,Daniela Tapia,['Nuevas Tecnologías'],2,No ha podido ayudarme en lo que necesitaba,Octavio Jara,opinion1.png
522,Ani Criado,"['Nuevas Tecnologías', 'Amigos y Ocio', 'Servicios del Municipio']",1,No me arregló los papeles,Vera Carbó,miembroh1.png
523,Baudelio Verdejo,"['Salud', 'El día a día', 'Burocracia', 'Servicios del Municipio']",4,Fue un día estupendo,Bienvenida Mendez,opinion2m.png
524,Cecilio Estevez,"['Amigos y Ocio', 'Burocracia']",3,Me ha ayudado mucho,Juan Pablo Cortina,opinion4.png
525,Bruno Bayo,"['Nuevas Tecnologías', 'Salud', 'El día a día', 'Burocracia', 'Servicios del Municipio']",1,No sabía lo que le pedía,Hilario Castillo,opinion6.png
526,Imelda Gutierrez,"['Nuevas Tecnologías', 'Salud', 'Amigos y Ocio', 'El día a día', 'Servicios del Municipio']",3,Me ha ayudado en lo que le he pedido,Gervasio Morell,miembroh1.png
527,Sancho Carretero,"['Nuevas Tecnologías', 'Burocracia', 'Servicios del Municipio']",1,Tuvo muy poca paciencia,Erasmo Bermejo,opinion2m.png
528,Tania Hoz,['Nuevas Tecnologías'],4,No hubiera podido está más feliz,Natalio Salvà,miembroh1.png
529,Cristina Ariño,"['Salud', 'Amigos y Ocio', 'El día a día', 'Burocracia', 'Servicios del Municipio']",1,No me ayudó nada,Matías Pujadas,opinion3m.png
530,Estefanía Bilbao,"['Amigos y Ocio', 'Servicios del Municipio']",1,No habla mucho,Pacífica Abella,opinion6.png
531,Simón Yáñez,['El día a día'],3,Ha estado bien,Juan Francisco Pla,opinion2m.png
532,Maximiano Julián,['El día a día'],4,No puedo estar más agradecida,Ana Sofía Girona,miembrom3.png
533,Hernando Miralles,"['Nuevas Tecnologías', 'Amigos y Ocio', 'El día a día', 'Burocracia', 'Servicios del Municipio']",3,Gran dia,Ema Palmer,opinion1.png
534,Jorge Priego,"['Salud', 'El día a día']",3,Estoy contenta,Maximino Almazán,miembroh1.png
535,Eleuterio Marín,"['Amigos y Ocio', 'El día a día', 'Burocracia']",2,Es amable aunque no divertida,Caridad Bermudez,opinion4.png
536,Zacarías Molina,"['Salud', 'Amigos y Ocio']",5,"Gracias, ha sido toda una experiencia",Teresa Andres,opinion4.png
537,Úrsula Belmonte,"['Amigos y Ocio', 'El día a día', 'Burocracia']",3,Me ha resuelto muchas dudas,Imelda Sanz,miembrom4.png
538,Agapito Sedano,"['Salud', 'Burocracia']",2,Es amable aunque no divertida,María José Nogués,opinion5m.png
539,Ester Cabo,"['Nuevas Tecnologías', 'El día a día']",3,Es muy amable,Fanny Noriega,miembrom4.png
540,Candelario Garcés,['Amigos y Ocio'],4,Es un encanto y me ayudó a hablar con mis nietos,Edelmiro Ángel,opinion2m.png
541,Antonia Cazorla,"['Nuevas Tecnologías', 'Amigos y Ocio', 'Servicios del Municipio']",3,Me ayudó mucho en casa,Celso Caparrós,miembroh3.png
542,Paco Bayona,"['Nuevas Tecnologías', 'El día a día', 'Burocracia']",2,"Bueno, podría mejorar",Samuel Carvajal,miembroh3.png
543,Serafina Hidalgo,['Servicios del Municipio'],4,No hubiera podido está más feliz,Juan Francisco Barón,miembroh3.png
544,Rafael López,"['Nuevas Tecnologías', 'El día a día']",4,"Es un sol, me ayudó a desbloquear el móvil y lo arregló",Cipriano Llorente,opinion1.png
545,Fausto Ríos,"['Nuevas Tecnologías', 'Salud', 'El día a día', 'Servicios del Municipio']",5,Qué bien que pudo ayudarme con mis papeles,Leonel Suárez,miembroh1.png
546,Perla Mate,"['Nuevas Tecnologías', 'El día a día']",1,No habla mucho,Rafael Palacio,opinion2m.png
547,Emma Ángel,"['El día a día', 'Servicios del Municipio']",5,Es un encanto y me ayudó a hablar con mis nietos,Hipólito Vaquero,opinion1.png
548,Adán Marí,"['Amigos y Ocio', 'Burocracia']",2,Ha llegado tarde,Fabián Gomis,miembroh1.png
549,Gracia Calleja,"['Nuevas Tecnologías', 'Amigos y Ocio', 'Burocracia', 'Servicios del Municipio']",4,"Es un sol, me ayudó a desbloquear el móvil y lo arregló",Irma Jurado,miembroh3.png
550,Selena Cañizares,"['Salud', 'Burocracia']",4,Fue un día estupendo,Juan Antonio Barba,miembrom4.png
551,Juan Luis Carlos,"['Nuevas Tecnologías', 'Burocracia', 'Servicios del Municipio']",2,No ha podido ayudarme en lo que necesitaba,Maxi Jiménez,miembrom3.png
552,Tania Campo,"['Nuevas Tecnologías', 'Salud', 'Amigos y Ocio', 'El día a día']",3,Ha estado muy bien,Luna Roma,miembrom4.png
553,Manuelita Lladó,"['Amigos y Ocio', 'El día a día']",4,No hubiera podido está más feliz,Prudencia Torrijos,miembrom4.png
554,Lope Galvez,"['Amigos y Ocio', 'El día a día', 'Servicios del Municipio']",2,"Bueno, podría mejorar",Salomón Meléndez,opinion1.png
555,Liliana Novoa,"['Nuevas Tecnologías', 'Amigos y Ocio', 'Burocracia', 'Servicios del Municipio']",3,Me ha ayudado mucho,Matilde Ferrándiz,opinion2m.png
556,Herminio Laguna,['Salud'],2,No terminó de ayudarme,Chema Anguita,opinion4.png
557,Anselma Torres,"['Nuevas Tecnologías', 'Salud', 'Amigos y Ocio', 'El día a día', 'Burocracia']",3,Me ha ayudado en lo que le he pedido,Evita Castañeda,opinion6.png
558,José Azcona,"['Amigos y Ocio', 'Burocracia', 'Servicios del Municipio']",3,Ha estado muy bien,Dominga Saez,miembrom4.png
559,Cirino Lloret,"['Salud', 'Amigos y Ocio']",1,No habla mucho,Loreto Alcolea,opinion1.png
560,Arsenio Acevedo,"['Nuevas Tecnologías', 'Salud', 'Amigos y Ocio', 'Servicios del Municipio']",1,El día podría haber estado mejor,Venceslás León,opinion6.png
561,Nazario Castrillo,"['Nuevas Tecnologías', 'Salud', 'Amigos y Ocio']",2,Está normal,Gracia Coll,opinion6.png
562,Febe Juárez,"['Nuevas Tecnologías', 'Salud']",1,No me arregló los papeles,Victor Castelló,opinion6.png
563,Felix Sala,"['Nuevas Tecnologías', 'Amigos y Ocio', 'El día a día', 'Burocracia']",3,Me acompañó en lo que necesitaba,Timoteo Marqués,miembroh1.png
564,Carmen Roma,"['El día a día', 'Servicios del Municipio']",3,Gran dia,Herberto Maza,opinion1.png
565,Chelo Agustí,"['Nuevas Tecnologías', 'El día a día', 'Burocracia']",3,Es muy amable,Telmo Jordán,opinion3m.png
566,Dani Company,"['Nuevas Tecnologías', 'Salud', 'Servicios del Municipio']",3,Gracias,Irene Noguera,opinion6.png
567,Caridad Araujo,"['Salud', 'El día a día', 'Servicios del Municipio']",5,Qué bien que pudo ayudarme con mis papeles,Mónica Prado,miembrom3.png
568,Perlita Peiró,"['Salud', 'El día a día', 'Burocracia', 'Servicios del Municipio']",5,Encantado con toda la ayuda que he recibido,Toño Sandoval,opinion2m.png
569,Dafne Colomer,"['Salud', 'Amigos y Ocio']",5,No hubiera podido estar más feliz,Jose Carlos Sotelo,miembrom4.png
570,Tito Castell,"['Salud', 'Burocracia']",1,Llegó tarde,Teófila Solsona,miembroh3.png
571,Ariel Mendez,"['Nuevas Tecnologías', 'Amigos y Ocio', 'El día a día', 'Burocracia', 'Servicios del Municipio']",2,El servicio no estuvo mal,Florencio Mulet,opinion2m.png
572,Pánfilo Pallarès,"['Nuevas Tecnologías', 'Amigos y Ocio', 'Burocracia']",2,No ha podido ayudarme en lo que necesitaba,Joan Barranco,miembroh1.png
573,Humberto Iborra,"['Amigos y Ocio', 'Burocracia', 'Servicios del Municipio']",3,Estoy contenta,Candelario Bello,opinion6.png
574,Griselda Calderon,"['Nuevas Tecnologías', 'Amigos y Ocio', 'Burocracia']",5,No hubiera podido estar más feliz,Ana Sofía Taboada,miembrom4.png
575,Paulino Cortes,"['Nuevas Tecnologías', 'Salud', 'El día a día']",1,El día podría haber estado mejor,Pastor Verdugo,miembroh1.png
576,Ángela Cámara,"['Nuevas Tecnologías', 'Salud', 'Amigos y Ocio', 'El día a día']",1,No me ayudó nada,Lisandro Cuenca,miembroh3.png
577,Nereida Elorza,"['Amigos y Ocio', 'Burocracia']",1,No pudo ayudarme,Azahar Castellanos,miembroh1.png
578,Socorro Revilla,"['Nuevas Tecnologías', 'Amigos y Ocio', 'Burocracia', 'Servicios del Municipio']",5,Sin duda seguiré utilizando este servicio,Matías Carranza,miembroh3.png
579,Amador Escobar,"['El día a día', 'Burocracia']",1,Llegó tarde,Timoteo Sarabia,opinion3m.png
580,Maite Márquez,"['Salud', 'Amigos y Ocio', 'El día a día', 'Burocracia']",4,"Es un sol, me ayudó a desbloquear el móvil y lo arregló",Faustino Bonet,opinion3m.png
581,Micaela Requena,"['Nuevas Tecnologías', 'Salud', 'Amigos y Ocio', 'El día a día', 'Burocracia', 'Servicios del Municipio']",1,No habla mucho,Hugo Valls,opinion5m.png
582,Nidia Hurtado,"['Salud', 'Servicios del Municipio']",4,No hubiera podido está más feliz,Prudencia Cepeda,opinion5m.png
583,Juanito Campoy,"['Salud', 'El día a día', 'Servicios del Municipio']",4,Es un encanto y me ayudó a hablar con mis nietos,Alondra Alemany,opinion5m.png
584,Roberto Arias,"['Nuevas Tecnologías', 'Salud', 'Amigos y Ocio', 'El día a día', 'Servicios del Municipio']",5,Encantado con toda la ayuda que he recibido,Benito Amor,miembroh3.png
585,Rosa María Sosa,"['Salud', 'Servicios del Municipio']",2,No ha ido mal,Severino Molina,miembrom3.png
586,Iván Flores,"['Nuevas Tecnologías', 'Servicios del Municipio']",5,Es un encanto y me ayudó a hablar con mis nietos,Carla Vilar,opinion3m.png
587,Olga Seguí,"['Nuevas Tecnologías', 'Salud', 'Servicios del Municipio']",5,Me ayudó mucho en casa,Juan Pablo Crespi,opinion2m.png
588,Pancho Mayoral,"['Nuevas Tecnologías', 'Salud', 'Burocracia', 'Servicios del Municipio']",4,No hubiera podido está más feliz,Sabas Ojeda,miembrom3.png
589,Otilia Gisbert,"['Nuevas Tecnologías', 'Amigos y Ocio', 'El día a día', 'Burocracia']",2,No sabía lo que le pedía,Victor Manuel Bravo,miembrom4.png
590,Amado Ferrando,"['Amigos y Ocio', 'El día a día']",4,Fue un día estupendo,Guillermo Iglesia,miembrom4.png
591,Sabas Moya,"['Salud', 'Amigos y Ocio', 'El día a día', 'Servicios del Municipio']",4,No puedo estar más agradecida,Maxi Palomares,miembroh1.png
592,León Lorenzo,"['Nuevas Tecnologías', 'Salud', 'Amigos y Ocio', 'Servicios del Municipio']",3,Me ha resuelto muchas dudas,Maximino Lucas,opinion1.png
593,Pascual Vergara,"['Salud', 'El día a día']",4,No puedo estar más agradecida,Ana Corbacho,opinion1.png
594,Salomón Muñoz,"['Nuevas Tecnologías', 'El día a día', 'Burocracia', 'Servicios del Municipio']",5,Es un encanto y me ayudó a hablar con mis nietos,Cintia Saavedra,opinion5m.png
595,Amaro Arenas,"['Nuevas Tecnologías', 'El día a día', 'Burocracia', 'Servicios del Municipio']",4,Es un encanto y me ayudó a hablar con mis nietos,Patricio Paniagua,miembrom4.png
596,César Rovira,"['El día a día', 'Burocracia', 'Servicios del Municipio']",2,No ha ido mal,Pancho Mir,miembrom4.png
597,Onofre Rubio,['Burocracia'],1,No es muy habladora,Felicidad Palacios,opinion6.png
598,Eloísa Vidal,"['El día a día', 'Burocracia', 'Servicios del Municipio']",3,Me lo he pasado bien,Jose Manuel Nicolau,opinion5m.png
599,David Plaza,"['Nuevas Tecnologías', 'El día a día', 'Burocracia', 'Servicios del Municipio']",5,Fue un día estupendo,Belen Peñalver,opinion5m.png
600,Trinidad Falcón,['El día a día'],1,No es muy habladora,Brunilda Palomino,opinion4.png
601,José Manuel Arregui,"['Salud', 'El día a día']",4,No hubiera podido está más feliz,Olegario Rebollo,miembroh3.png
602,Leandra Abellán,"['Nuevas Tecnologías', 'Salud', 'El día a día']",4,Fue un día estupendo,Sosimo Ferrán,opinion1.png
603,Aurora Figueras,"['Salud', 'Servicios del Municipio']",5,No hubiera podido estar más feliz,Leyre López,opinion1.png
604,Prudencio Rosado,"['El día a día', 'Burocracia', 'Servicios del Municipio']",1,Llegó tarde,Maribel Enríquez,opinion4.png
605,Buenaventura Mas,"['Nuevas Tecnologías', 'Salud', 'Amigos y Ocio']",3,Un día agradable,Teobaldo Millán,opinion5m.png
606,Anunciación Mendoza,"['Nuevas Tecnologías', 'El día a día']",3,Me lo he pasado bien,Clímaco Checa,opinion2m.png
607,Griselda Real,"['El día a día', 'Servicios del Municipio']",5,Sin duda seguiré utilizando este servicio,Marino Echevarría,miembroh1.png
608,Nacho Marqués,"['Nuevas Tecnologías', 'El día a día', 'Burocracia', 'Servicios del Municipio']",3,Es muy amable,Leoncio Aguirre,opinion2m.png
609,Casandra Castejón,"['Salud', 'Amigos y Ocio']",3,Gran dia,Zoraida Ródenas,opinion1.png
610,Gregorio Rivero,"['Amigos y Ocio', 'El día a día']",5,No hubiera podido estar más feliz,Miguela Diez,miembroh1.png
611,Graciana Pinilla,"['Nuevas Tecnologías', 'Amigos y Ocio', 'El día a día']",5,Me ayudó mucho en casa,Lilia Tovar,opinion3m.png
612,Inés Dávila,"['Amigos y Ocio', 'El día a día', 'Burocracia']",1,El día podría haber estado mejor,Remigio Llamas,opinion4.png
613,Encarnación Mascaró,"['Nuevas Tecnologías', 'Amigos y Ocio', 'Burocracia', 'Servicios del Municipio']",1,No me entendía,María Ángeles Cuesta,opinion6.png
614,Santiago Abad,['Salud'],4,No hubiera podido está más feliz,Consuela Gómez,miembrom4.png
615,Marco Madrid,"['Nuevas Tecnologías', 'Amigos y Ocio', 'Burocracia', 'Servicios del Municipio']",1,El día podría haber estado mejor,Narciso Rico,opinion6.png
616,Humberto Ropero,"['Nuevas Tecnologías', 'Servicios del Municipio']",3,Ha estado muy bien,Omar Jove,miembrom4.png
617,Mireia Montserrat,"['Salud', 'El día a día', 'Servicios del Municipio']",5,Sin duda seguiré utilizando este servicio,Luis Franco,miembroh1.png
618,Adela Salamanca,"['Nuevas Tecnologías', 'El día a día', 'Servicios del Municipio']",2,No ha podido ayudarme en lo que necesitaba,Marcos Galiano,miembroh1.png
619,Imelda García,"['Salud', 'Servicios del Municipio']",5,Me ayudó mucho en casa,Rolando Bayo,opinion5m.png
620,Ariadna Sáenz,"['Nuevas Tecnologías', 'Servicios del Municipio']",3,Es muy amable,Salvador Montoya,opinion2m.png
621,Nadia Doménech,"['Salud', 'Amigos y Ocio', 'El día a día', 'Servicios del Municipio']",1,Tuvo muy poca paciencia,Paco Moreno,opinion2m.png
622,Genoveva Blazquez,"['Nuevas Tecnologías', 'Salud', 'El día a día']",1,Tuvo muy poca paciencia,Leonardo Guardiola,miembroh3.png
623,Loreto Villalba,"['Amigos y Ocio', 'El día a día', 'Burocracia', 'Servicios del Municipio']",2,Es amable aunque no divertida,Gonzalo Fiol,miembroh3.png
624,Gracia Naranjo,"['Nuevas Tecnologías', 'Salud', 'Amigos y Ocio', 'El día a día', 'Servicios del Municipio']",2,No ha podido ayudarme en lo que necesitaba,América Giner,opinion1.png
625,Ciro Menéndez,"['Nuevas Tecnologías', 'Salud', 'Amigos y Ocio', 'El día a día', 'Burocracia', 'Servicios del Municipio']",4,No puedo estar más agradecida,Cleto Peinado,opinion1.png
626,Jafet Colom,"['Nuevas Tecnologías', 'Salud', 'Amigos y Ocio', 'El día a día', 'Burocracia', 'Servicios del Municipio']",2,Puede mejorar,Jose Manuel Cueto,opinion2m.png
627,Amador Arteaga,"['Nuevas Tecnologías', 'Salud', 'El día a día', 'Servicios del Municipio']",5,"Gracias, ha sido toda una experiencia",Rosendo Roig,opinion2m.png
628,Jose Ignacio Beltran,"['Amigos y Ocio', 'El día a día']",5,No puedo estar más agradecida,Dafne Hidalgo,opinion3m.png
629,Xavier Ribas,['El día a día'],5,Me ayudó mucho en casa,Irma Sosa,miembroh1.png
630,Soraya Ferreras,['Nuevas Tecnologías'],5,No hubiera podido estar más feliz,Domingo Laguna,opinion1.png
631,Lina Plana,"['Nuevas Tecnologías', 'Amigos y Ocio', 'El día a día', 'Burocracia']",2,No ha ido mal,Agapito Gibert,miembroh1.png
632,Ana Belén Pulido,"['Amigos y Ocio', 'Burocracia']",3,No hemos terminado de congeniar pero ha estado bien,Adelardo Perales,miembrom3.png
633,Jose Francisco Coloma,"['Nuevas Tecnologías', 'Salud', 'Amigos y Ocio']",4,Fue un día estupendo,Clotilde Torrents,opinion2m.png
634,Gabriela Adán,['Amigos y Ocio'],5,Fue un día estupendo,Susanita Sancho,opinion4.png
635,Teodora Campillo,"['Nuevas Tecnologías', 'Burocracia']",4,"Es un sol, me ayudó a desbloquear el móvil y lo arregló",Tomasa Muñoz,opinion5m.png
636,Melania Rodríguez,"['Salud', 'Amigos y Ocio', 'El día a día', 'Burocracia']",3,Bien,Ruth Cuervo,miembrom4.png
637,Isidoro Echeverría,"['Amigos y Ocio', 'El día a día', 'Servicios del Municipio']",1,Al final tuvo que irse antes,Octavia Sanmiguel,miembroh3.png
638,Nilda Villaverde,"['Amigos y Ocio', 'El día a día', 'Burocracia', 'Servicios del Municipio']",3,Estoy contenta,Teófilo Santamaría,opinion1.png
639,Abril Ibañez,"['Burocracia', 'Servicios del Municipio']",4,No puedo estar más agradecida,Lidia Gutierrez,miembroh3.png
640,Yéssica Carrión,"['Nuevas Tecnologías', 'Amigos y Ocio', 'Burocracia']",5,Es un encanto y me ayudó a hablar con mis nietos,Consuelo Torrent,opinion6.png
641,Yago Cañellas,"['Salud', 'El día a día', 'Servicios del Municipio']",1,El día podría haber estado mejor,Anabel Barberá,opinion5m.png
642,Nicolasa Sobrino,"['Nuevas Tecnologías', 'El día a día', 'Servicios del Municipio']",3,Me ayudó mucho en casa,Nazario Rosado,miembrom4.png
643,Guadalupe Molins,"['Nuevas Tecnologías', 'Salud']",3,Me ha ayudado en lo que le he pedido,Daniela Lago,opinion1.png
644,Marisol Salas,"['Nuevas Tecnologías', 'Salud', 'El día a día', 'Burocracia', 'Servicios del Municipio']",3,Me ha ayudado mucho,Griselda Ureña,miembroh3.png
645,Emperatriz Vargas,"['Nuevas Tecnologías', 'Amigos y Ocio', 'Burocracia', 'Servicios del Municipio']",3,Me ha resuelto muchas dudas,Aura Ortiz,opinion2m.png
646,Teodosio Salmerón,"['El día a día', 'Servicios del Municipio']",1,Llegó tarde,Irma Vazquez,miembrom3.png
647,Teófila Cuenca,"['Nuevas Tecnologías', 'El día a día', 'Burocracia']",1,No me ayudó nada,Eleuterio Hernando,opinion1.png
648,Mar Taboada,"['Burocracia', 'Servicios del Municipio']",4,Fue un día estupendo,Virgilio Nogueira,miembrom4.png
649,Vinicio Jove,['Servicios del Municipio'],4,Es un encanto y me ayudó a hablar con mis nietos,Laura Español,opinion1.png
650,Maricruz Huertas,"['Nuevas Tecnologías', 'Salud', 'El día a día']",1,No me arregló los papeles,Guillermo Ropero,opinion6.png
651,Priscila Lluch,"['Amigos y Ocio', 'Burocracia', 'Servicios del Municipio']",3,Ha estado bien,Georgina Andrade,miembrom3.png
652,María Dolores Vázquez,"['Amigos y Ocio', 'El día a día', 'Burocracia']",4,No puedo estar más agradecida,Tomás Vicente,opinion4.png
653,Amada Haro,"['Salud', 'Burocracia', 'Servicios del Municipio']",1,No pudo ayudarme,Valentina Baró,miembroh1.png
654,Leonardo Sabater,"['Amigos y Ocio', 'El día a día', 'Burocracia', 'Servicios del Municipio']",4,Es un encanto y me ayudó a hablar con mis nietos,Cosme Robledo,opinion6.png
655,Casemiro Macias,"['Amigos y Ocio', 'El día a día', 'Servicios del Municipio']",1,No me entendía,Toribio Barceló,miembroh3.png
656,Joel Llabrés,"['Nuevas Tecnologías', 'El día a día']",2,Está normal,Emelina Guzman,opinion6.png
657,Nico Montenegro,"['Salud', 'Amigos y Ocio', 'El día a día', 'Burocracia', 'Servicios del Municipio']",4,Fue un día estupendo,Sancho Torrens,opinion3m.png
658,Teodora Berrocal,"['Nuevas Tecnologías', 'Amigos y Ocio', 'Burocracia']",5,Me ayudó mucho en casa,Joaquín Terrón,opinion3m.png
659,Emiliano Contreras,"['Nuevas Tecnologías', 'El día a día', 'Burocracia', 'Servicios del Municipio']",3,Gran dia,Gustavo Rocamora,miembrom3.png
660,Jerónimo Piñol,"['Amigos y Ocio', 'Burocracia', 'Servicios del Municipio']",1,Tuvo muy poca paciencia,Julia Cárdenas,opinion2m.png
661,Joaquina Corominas,"['Nuevas Tecnologías', 'Salud', 'El día a día']",5,Qué bien que pudo ayudarme con mis papeles,Blas Santamaria,miembroh1.png
662,Lara Gargallo,"['Nuevas Tecnologías', 'Salud', 'Amigos y Ocio', 'El día a día', 'Burocracia']",2,Ha llegado tarde,Joan Caballero,miembroh1.png
663,Bernardo Ribera,"['Amigos y Ocio', 'El día a día', 'Burocracia', 'Servicios del Municipio']",3,Gracias,Amanda Coronado,miembrom4.png
664,Saturnino Muro,"['Nuevas Tecnologías', 'Amigos y Ocio', 'Burocracia']",3,Me ayudó mucho en casa,Amador Mosquera,opinion1.png
665,Candela Solano,"['Nuevas Tecnologías', 'Salud', 'Servicios del Municipio']",5,Fue un día estupendo,Remigio Tamayo,opinion2m.png
666,Severo Barrios,"['Amigos y Ocio', 'Burocracia', 'Servicios del Municipio']",4,No hubiera podido está más feliz,Victoriano Ferrández,opinion1.png
667,Hilario Rivera,"['Nuevas Tecnologías', 'Amigos y Ocio', 'Servicios del Municipio']",1,No pudo ayudarme,Baudelio Barriga,opinion4.png
668,Roque Aller,"['Nuevas Tecnologías', 'Amigos y Ocio', 'El día a día', 'Burocracia']",1,El día podría haber estado mejor,Heliodoro Aguiló,miembrom4.png
669,Rocío Pintor,['Nuevas Tecnologías'],4,Fue un día estupendo,Dimas Feijoo,opinion1.png
670,Albina Aguado,"['Nuevas Tecnologías', 'Burocracia', 'Servicios del Municipio']",3,Me ha ayudado mucho,Juanito Oller,opinion1.png
671,Pastor Porta,"['Nuevas Tecnologías', 'El día a día']",2,No terminó de ayudarme,Hermenegildo Gonzalez,opinion5m.png
672,Reyna Rius,"['Amigos y Ocio', 'El día a día']",5,"Gracias, ha sido toda una experiencia",América Briones,opinion1.png
673,Bárbara Torrents,"['Amigos y Ocio', 'Burocracia', 'Servicios del Municipio']",2,Está normal,Edelmiro Cantón,opinion1.png
674,Isidoro Llamas,"['El día a día', 'Burocracia']",4,No hubiera podido está más feliz,Calista Ochoa,opinion2m.png
675,Tristán Andres,"['Nuevas Tecnologías', 'Salud']",5,Encantado con toda la ayuda que he recibido,Teodosio Bayón,opinion3m.png
676,Roque Navarrete,"['Salud', 'Burocracia']",1,Al final tuvo que irse antes,Amaro Peral,opinion5m.png
677,Guiomar Quiroga,"['Salud', 'El día a día', 'Servicios del Municipio']",4,No hubiera podido está más feliz,Isaura Riquelme,opinion3m.png
678,Lourdes Solsona,"['Amigos y Ocio', 'El día a día']",1,El día podría haber estado mejor,Valerio Bayona,opinion4.png
679,Zaira Amores,"['El día a día', 'Burocracia', 'Servicios del Municipio']",4,No hubiera podido está más feliz,Eduardo Villaverde,opinion4.png
680,Victoria Prada,"['Salud', 'Amigos y Ocio', 'El día a día', 'Burocracia', 'Servicios del Municipio']",4,No puedo estar más agradecida,Marita Blanch,miembrom4.png
681,Dora Blanes,"['Nuevas Tecnologías', 'Salud', 'Amigos y Ocio']",1,El día podría haber estado mejor,Chita Segovia,opinion3m.png
682,Fernanda Cerdá,"['Amigos y Ocio', 'El día a día']",5,No hubiera podido estar más feliz,Febe Vizcaíno,opinion2m.png
683,Roxana Serrano,"['Nuevas Tecnologías', 'Amigos y Ocio']",1,No habla mucho,Heliodoro Benavides,opinion5m.png
684,Germán Juan,"['Nuevas Tecnologías', 'Salud', 'Amigos y Ocio', 'El día a día']",4,No hubiera podido está más feliz,Eulalia Torre,opinion5m.png
685,Reynaldo Morán,"['Nuevas Tecnologías', 'Salud', 'Amigos y Ocio', 'El día a día', 'Burocracia']",5,Encantado con toda la ayuda que he recibido,Juanita Tomé,opinion2m.png
686,Héctor Morillo,"['Salud', 'Amigos y Ocio', 'Servicios del Municipio']",2,Es amable aunque no divertida,Adora Roldán,miembroh3.png
687,Nicolás Robles,['Nuevas Tecnologías'],5,"Gracias, ha sido toda una experiencia",Ignacio Canals,opinion3m.png
688,José Antonio Azorin,"['Amigos y Ocio', 'Burocracia']",4,Fue un día estupendo,Rosalía Aliaga,opinion2m.png
689,Pancho Gomez,"['Nuevas Tecnologías', 'Burocracia']",4,"Es un sol, me ayudó a desbloquear el móvil y lo arregló",Ramiro Perea,miembrom3.png
690,Florentina Arjona,"['Nuevas Tecnologías', 'El día a día', 'Burocracia']",2,No terminó de ayudarme,Magdalena Dominguez,opinion1.png
691,Marisela Anguita,"['Salud', 'Amigos y Ocio', 'El día a día', 'Servicios del Municipio']",5,No puedo estar más agradecida,Remedios Reina,opinion4.png
692,Jose Miguel Almagro,"['Nuevas Tecnologías', 'Amigos y Ocio']",5,Sin duda seguiré utilizando este servicio,Juan Manuel Rios,miembrom3.png
693,Ester Gómez,"['El día a día', 'Burocracia']",3,Me ayudó en lo que necesitaba,Demetrio Guillén,miembroh3.png
694,Edmundo Gibert,"['Nuevas Tecnologías', 'Salud', 'El día a día', 'Burocracia', 'Servicios del Municipio']",2,No terminó de ayudarme,Mamen Álvarez,opinion4.png
695,Adela Jaén,"['Nuevas Tecnologías', 'Salud', 'Amigos y Ocio', 'El día a día']",3,Un día agradable,Olegario Barreda,opinion4.png
696,María Fernanda Peinado,"['Nuevas Tecnologías', 'Salud', 'Amigos y Ocio', 'Servicios del Municipio']",4,No puedo estar más agradecida,Ileana Morales,opinion2m.png
697,Florencio Céspedes,"['Salud', 'El día a día', 'Burocracia', 'Servicios del Municipio']",3,Ha estado muy bien,Feliciana Cantón,mujer1.png
698,María Amigó,"['Nuevas Tecnologías', 'El día a día', 'Burocracia']",4,Fue un día estupendo,Amador Llopis,hombre1.png
699,Úrsula Perez,"['Nuevas Tecnologías', 'El día a día', 'Burocracia']",1,El día podría haber estado mejor,Dominga Roca,hombre2.png
700,Régulo Fiol,['Servicios del Municipio'],5,No hubiera podido estar más feliz,Joan Vazquez,hombre2.png
701,Carlos Herrero,"['Nuevas Tecnologías', 'Amigos y Ocio', 'El día a día']",1,No pudo ayudarme,Eligia Amor,mujer2.png
702,Cristian Mata,"['Salud', 'Burocracia']",1,Llegó tarde,Isidro Sanchez,hombre2.png
703,Remedios Armengol,"['Nuevas Tecnologías', 'Salud', 'El día a día', 'Servicios del Municipio']",1,No me pudo acompañar donde yo quería,Dolores Lobo,hombre1.png
704,Ovidio Velasco,"['Salud', 'Amigos y Ocio', 'El día a día', 'Burocracia']",5,"Gracias, ha sido toda una experiencia",José Rocamora,mujer1.png
705,Flora Nogueira,"['El día a día', 'Servicios del Municipio']",3,Estoy contenta,Ildefonso Navarro,mujer1.png
706,Albano Trillo,"['Nuevas Tecnologías', 'Salud', 'Amigos y Ocio', 'El día a día', 'Servicios del Municipio']",4,No puedo estar más agradecida,Plinio Núñez,mujer2.png
707,Curro Rosselló,"['Amigos y Ocio', 'El día a día', 'Burocracia']",2,No ha ido mal,Noemí Aroca,hombre2.png
708,Porfirio Segura,"['Amigos y Ocio', 'El día a día', 'Burocracia']",2,El servicio no estuvo mal,Luna Segovia,hombre1.png
709,Laura Rozas,"['Salud', 'Amigos y Ocio', 'Servicios del Municipio']",4,Es un encanto y me ayudó a hablar con mis nietos,Crescencia Fernandez,hombre2.png
710,Gabriel Vélez,"['Nuevas Tecnologías', 'El día a día', 'Burocracia']",3,Un día agradable,Artemio Goñi,hombre1.png
711,Florina León,['Salud'],4,No puedo estar más agradecida,Roxana Cabrero,hombre2.png
712,Encarnación Tomás,"['Nuevas Tecnologías', 'Salud', 'Amigos y Ocio', 'Burocracia', 'Servicios del Municipio']",3,Gran dia,Fabiola Patiño,mujer2.png
713,Adela Ruano,"['Nuevas Tecnologías', 'Salud', 'El día a día', 'Burocracia', 'Servicios del Municipio']",3,Estoy contenta,Fermín Pellicer,mujer1.png
714,Paola Ledesma,"['Nuevas Tecnologías', 'Amigos y Ocio', 'El día a día', 'Burocracia']",3,Un día agradable,Herminia Lasa,hombre1.png
